Oggetto,Categoria,Componenti,Data di creazione,Data di modifica,ID,In uso,Oggetto di riferimento,Totali,Utilizzo
Tappo sensore,Corpi macchina,,"October 11, 2024 2:00 PM","May 23, 2025 1:09 AM",10003010,,Sony α6500 (https://www.notion.so/11c1c309d24a812eb9cbc994594f4b1b?pvs=21),,Archiviato
Sony α6500,Corpi macchina,"Tappo sensore (https://www.notion.so/11c1c309d24a811db1f9c79d4d6e832c?pvs=21), Cover mirino (https://www.notion.so/11c1c309d24a815c89a2f1b949b8baa6?pvs=21), Cover hot shoe (https://www.notion.so/11c1c309d24a81c592c0e8515f00d175?pvs=21), Cage SmallRig (https://www.notion.so/11c1c309d24a8132a6d1ec93ac93e00d?pvs=21), Handgrip (https://www.notion.so/11c1c309d24a81bdbfdcee5dacb146e4?pvs=21), Telecomando ad infrarossi (https://www.notion.so/11c1c309d24a81c7b933c47bd3525f6a?pvs=21)","October 11, 2024 2:00 PM","May 23, 2025 1:09 AM",10003000,,,,Archiviato
Cage SmallRig,Corpi macchina,,"October 11, 2024 2:00 PM","May 23, 2025 1:09 AM",10003020,,Sony α6500 (https://www.notion.so/11c1c309d24a812eb9cbc994594f4b1b?pvs=21),,Archiviato
Cover mirino,Corpi macchina,,"October 11, 2024 2:00 PM","May 23, 2025 1:10 AM",10003050,,Sony α6500 (https://www.notion.so/11c1c309d24a812eb9cbc994594f4b1b?pvs=21),,Archiviato
Handgrip,Corpi macchina,,"October 11, 2024 2:00 PM","May 23, 2025 1:09 AM",10003030,,Sony α6500 (https://www.notion.so/11c1c309d24a812eb9cbc994594f4b1b?pvs=21),,Archiviato
Cover hot shoe,Corpi macchina,,"October 11, 2024 2:00 PM","May 23, 2025 1:09 AM",10003040,,Sony α6500 (https://www.notion.so/11c1c309d24a812eb9cbc994594f4b1b?pvs=21),,Archiviato
Telecomando ad infrarossi,Corpi macchina,,"October 11, 2024 2:00 PM","May 23, 2025 1:10 AM",10003060,,Sony α6500 (https://www.notion.so/11c1c309d24a812eb9cbc994594f4b1b?pvs=21),,Archiviato
Cover PIN inferiori,Corpi macchina,,"October 11, 2024 2:00 PM","May 23, 2025 1:08 AM",10002050,,Panasonic Lumix S5 (https://www.notion.so/11c1c309d24a81eab8e1e1310f0bdac4?pvs=21),,In uso
Bolla hot shoe,Corpi macchina,,"October 11, 2024 2:00 PM","May 23, 2025 1:00 AM",10001040,,Panasonic Lumix S5 II X (https://www.notion.so/11c1c309d24a81dc8186f6be7d483ad2?pvs=21),,Attivo
Cover hot shoe,Corpi macchina,,"October 11, 2024 2:00 PM","May 23, 2025 1:08 AM",10002040,,Panasonic Lumix S5 (https://www.notion.so/11c1c309d24a81eab8e1e1310f0bdac4?pvs=21),,Attivo
Panasonic Lumix S5,Corpi macchina,"Tappo sensore (https://www.notion.so/11c1c309d24a81f48649e2a7ea2ec8ee?pvs=21), Cover hot shoe (https://www.notion.so/11c1c309d24a8170af31ffb06e3674bb?pvs=21), Cage Niceyrig (https://www.notion.so/11c1c309d24a81398affe5d530c5639d?pvs=21), Moneta (https://www.notion.so/11c1c309d24a819a8870c6c34b15a361?pvs=21), Cover PIN inferiori (https://www.notion.so/11c1c309d24a8103a8d3ce559b1fd63f?pvs=21)","October 11, 2024 2:00 PM","May 23, 2025 1:00 AM",10002000,,,,Attivo
Tappo sensore,Corpi macchina,,"October 11, 2024 2:00 PM","May 23, 2025 1:01 AM",10002010,,Panasonic Lumix S5 (https://www.notion.so/11c1c309d24a81eab8e1e1310f0bdac4?pvs=21),,In uso
Cage Niceyrig,Corpi macchina,,"October 11, 2024 2:00 PM","May 23, 2025 1:08 AM",10002020,,Panasonic Lumix S5 (https://www.notion.so/11c1c309d24a81eab8e1e1310f0bdac4?pvs=21),,Attivo
Moneta,Corpi macchina,,"October 11, 2024 2:00 PM","May 23, 2025 1:08 AM",10002030,,Panasonic Lumix S5 (https://www.notion.so/11c1c309d24a81eab8e1e1310f0bdac4?pvs=21),,Attivo
Panasonic Lumix S5 II X,Corpi macchina,"Tappo sensore (https://www.notion.so/11c1c309d24a818bb15dea95e9757530?pvs=21), Bolla hot shoe (https://www.notion.so/11c1c309d24a8165a8a2e5d0eb11266a?pvs=21), Cage SmallRig (https://www.notion.so/11c1c309d24a8173b65ff226ea616766?pvs=21), Avvitatore (https://www.notion.so/11c1c309d24a813db788ee1498a9a2cc?pvs=21), Cover hot shoe (https://www.notion.so/11c1c309d24a817f8917ce1e552482c6?pvs=21), Cover PIN inferiori (https://www.notion.so/11c1c309d24a81108f82e055c7cbd873?pvs=21)","October 11, 2024 2:00 PM","May 23, 2025 12:59 AM",10001000,,,,Attivo
Cover PIN inferiori,Corpi macchina,,"October 11, 2024 2:00 PM","May 23, 2025 1:00 AM",10001060,,Panasonic Lumix S5 II X (https://www.notion.so/11c1c309d24a81dc8186f6be7d483ad2?pvs=21),,In uso
Avvitatore,Corpi macchina,,"October 11, 2024 2:00 PM","May 23, 2025 1:00 AM",10001030,,Panasonic Lumix S5 II X (https://www.notion.so/11c1c309d24a81dc8186f6be7d483ad2?pvs=21),,Attivo
Cage SmallRig,Corpi macchina,,"October 11, 2024 2:00 PM","May 23, 2025 1:00 AM",10001020,,Panasonic Lumix S5 II X (https://www.notion.so/11c1c309d24a81dc8186f6be7d483ad2?pvs=21),,Attivo
Cover hot shoe,Corpi macchina,,"October 11, 2024 2:00 PM","May 23, 2025 1:00 AM",10001050,,Panasonic Lumix S5 II X (https://www.notion.so/11c1c309d24a81dc8186f6be7d483ad2?pvs=21),,In uso
Tappo sensore,Corpi macchina,,"October 11, 2024 2:00 PM","May 23, 2025 1:01 AM",10001010,,Panasonic Lumix S5 II X (https://www.notion.so/11c1c309d24a81dc8186f6be7d483ad2?pvs=21),,In uso
Tappo posteriore,Obiettivi e filtri,,"October 11, 2024 2:00 PM","May 24, 2025 11:03 AM",20007030,,Sony E 35mm (https://www.notion.so/11c1c309d24a81f08b07d88f97e04d01?pvs=21),,Archiviato
Sony E 35mm,Obiettivi e filtri,"Paraluce (https://www.notion.so/11c1c309d24a81dbb6d8c5b9db1fddff?pvs=21), Cover anteriore (https://www.notion.so/11c1c309d24a81399de2f07c474088ef?pvs=21), Tappo posteriore (https://www.notion.so/11c1c309d24a8179b00ef097265365af?pvs=21)","October 11, 2024 2:00 PM","May 23, 2025 4:36 PM",20007000,,,,Archiviato
Cover anteriore,Obiettivi e filtri,,"October 11, 2024 2:00 PM","May 24, 2025 11:03 AM",20007010,,Sony E 35mm (https://www.notion.so/11c1c309d24a81f08b07d88f97e04d01?pvs=21),,Archiviato
Sigma 16mm,Obiettivi e filtri,"Paraluce (https://www.notion.so/11c1c309d24a8196a5c2e3373c2495d4?pvs=21), Cover anteriore (https://www.notion.so/11c1c309d24a81c4b55adb3423460025?pvs=21), Tappo posteriore (https://www.notion.so/11c1c309d24a81a1877ee42cb0eeb698?pvs=21)","October 11, 2024 2:00 PM","May 23, 2025 4:36 PM",20006000,,,,Archiviato
Tappo posteriore,Obiettivi e filtri,,"October 11, 2024 2:00 PM","May 24, 2025 11:02 AM",20006030,,Sigma 16mm (https://www.notion.so/11c1c309d24a814cba7fe2977da90bd4?pvs=21),,Archiviato
Cover anteriore,Obiettivi e filtri,,"October 11, 2024 2:00 PM","May 24, 2025 11:02 AM",20006010,,Sigma 16mm (https://www.notion.so/11c1c309d24a814cba7fe2977da90bd4?pvs=21),,Archiviato
Paraluce,Obiettivi e filtri,,"October 11, 2024 2:00 PM","May 24, 2025 11:03 AM",20007020,,Sony E 35mm (https://www.notion.so/11c1c309d24a81f08b07d88f97e04d01?pvs=21),,Archiviato
Samyang 85mm,Obiettivi e filtri,"Paraluce (https://www.notion.so/11c1c309d24a81adad2de21a49c2cb61?pvs=21), Cover anteriore (https://www.notion.so/11c1c309d24a81f1a554e69f5bd0d700?pvs=21), Tappo posteriore (https://www.notion.so/11c1c309d24a81fa818ff2849db2944b?pvs=21)","October 11, 2024 2:00 PM","May 23, 2025 4:36 PM",20008000,,,,Archiviato
Paraluce,Obiettivi e filtri,,"October 11, 2024 2:00 PM","May 24, 2025 11:02 AM",20006020,,Sigma 16mm (https://www.notion.so/11c1c309d24a814cba7fe2977da90bd4?pvs=21),,Archiviato
Paraluce,Obiettivi e filtri,,"October 11, 2024 2:00 PM","May 24, 2025 11:03 AM",20008020,,Samyang 85mm (https://www.notion.so/11c1c309d24a8165a09cd0acd30f19f1?pvs=21),,Archiviato
Cover anteriore,Obiettivi e filtri,,"October 11, 2024 2:00 PM","May 24, 2025 11:03 AM",20008010,,Samyang 85mm (https://www.notion.so/11c1c309d24a8165a09cd0acd30f19f1?pvs=21),,Archiviato
Tappo posteriore,Obiettivi e filtri,,"October 11, 2024 2:00 PM","May 24, 2025 11:03 AM",20008030,,Samyang 85mm (https://www.notion.so/11c1c309d24a8165a09cd0acd30f19f1?pvs=21),,Archiviato
Focus ring 360°,Obiettivi e filtri,,"October 11, 2024 2:00 PM","May 23, 2025 1:33 AM",20001040,,Sigma 24-70mm F2.8 DG DN Art (https://www.notion.so/11c1c309d24a81baabc6c08c52c45bf6?pvs=21),,Attivo
Tappo posteriore,Obiettivi e filtri,,"October 11, 2024 2:00 PM","May 23, 2025 1:33 AM",20001030,,Sigma 24-70mm F2.8 DG DN Art (https://www.notion.so/11c1c309d24a81baabc6c08c52c45bf6?pvs=21),,In uso
Cover anteriore,Obiettivi e filtri,,"October 11, 2024 2:00 PM","May 23, 2025 1:33 AM",20001010,,Sigma 24-70mm F2.8 DG DN Art (https://www.notion.so/11c1c309d24a81baabc6c08c52c45bf6?pvs=21),,Attivo
Paraluce,Obiettivi e filtri,,"October 11, 2024 2:00 PM","May 23, 2025 1:33 AM",20001020,,Sigma 24-70mm F2.8 DG DN Art (https://www.notion.so/11c1c309d24a81baabc6c08c52c45bf6?pvs=21),,Attivo
Sigma 24-70mm F2.8 DG DN Art,Obiettivi e filtri,"Focus ring 360° (https://www.notion.so/11c1c309d24a811482b8d101387162b5?pvs=21), Paraluce (https://www.notion.so/11c1c309d24a817687a4ccbed19e1ad8?pvs=21), Cover anteriore (https://www.notion.so/11c1c309d24a8144a760c1957c337d9f?pvs=21), Tappo posteriore (https://www.notion.so/11c1c309d24a8126b992d9f41b773ac2?pvs=21), Borsa con tracolla (https://www.notion.so/11c1c309d24a816dbf6ee4a029414a05?pvs=21)","October 11, 2024 2:00 PM","May 23, 2025 1:33 AM",20001000,,,,Attivo
Paraluce,Obiettivi e filtri,,"October 11, 2024 2:00 PM","May 23, 2025 1:35 AM",20002020,,Sigma 70-200mm F2.8 DG DN OS Sports (https://www.notion.so/11c1c309d24a81fb8225fb3a93b7c6a5?pvs=21),,Attivo
Cover anteriore,Obiettivi e filtri,,"October 11, 2024 2:00 PM","May 23, 2025 1:35 AM",20002010,,Sigma 70-200mm F2.8 DG DN OS Sports (https://www.notion.so/11c1c309d24a81fb8225fb3a93b7c6a5?pvs=21),,Attivo
Borsa con tracolla,Obiettivi e filtri,,"October 11, 2024 2:00 PM","May 23, 2025 1:34 AM",20001050,,Sigma 24-70mm F2.8 DG DN Art (https://www.notion.so/11c1c309d24a81baabc6c08c52c45bf6?pvs=21),,In uso
Tappo posteriore,Obiettivi e filtri,,"October 11, 2024 2:00 PM","May 26, 2025 1:05 AM",20002030,,Sigma 70-200mm F2.8 DG DN OS Sports (https://www.notion.so/11c1c309d24a81fb8225fb3a93b7c6a5?pvs=21),,Attivo
Sigma 70-200mm F2.8 DG DN OS Sports,Obiettivi e filtri,"Focus ring 360° (https://www.notion.so/11c1c309d24a805ebd05cb863cefec56?pvs=21), Paraluce (https://www.notion.so/11c1c309d24a810eb12ed5932b696ff0?pvs=21), Cover anteriore (https://www.notion.so/11c1c309d24a8139beb1efa5e21c8ef3?pvs=21), Tappo posteriore (https://www.notion.so/11c1c309d24a8173a68dff00c59af532?pvs=21)","October 11, 2024 2:00 PM","May 23, 2025 1:35 AM",20002000,,,,Attivo
Lumix S 85mm F1.8,Obiettivi e filtri,"Paraluce (https://www.notion.so/11c1c309d24a81a1b347c2a9a7c2375d?pvs=21), Cover anteriore (https://www.notion.so/11c1c309d24a81beb3f6e6a1afb8c908?pvs=21), Tappo posteriore (https://www.notion.so/11c1c309d24a81859879cde81e04b2c4?pvs=21)","October 11, 2024 2:00 PM","May 23, 2025 4:35 PM",20004000,,,,Attivo
Tappo posteriore,Obiettivi e filtri,,"October 11, 2024 2:00 PM","May 23, 2025 5:04 PM",20004030,,Lumix S 85mm F1.8 (https://www.notion.so/11c1c309d24a81129591ead2f4bb16bc?pvs=21),,In uso
Paraluce,Obiettivi e filtri,,"October 11, 2024 2:00 PM","May 23, 2025 5:03 PM",20004020,,Lumix S 85mm F1.8 (https://www.notion.so/11c1c309d24a81129591ead2f4bb16bc?pvs=21),,In uso
Lumix S 50mm F1.8,Obiettivi e filtri,"Paraluce (https://www.notion.so/11c1c309d24a8149b7e0c71e3a7ef07a?pvs=21), Cover anteriore (https://www.notion.so/11c1c309d24a811cb58ef36025eb6e10?pvs=21), Tappo posteriore (https://www.notion.so/11c1c309d24a81bbaa80ddaaf74ac732?pvs=21)","October 11, 2024 2:00 PM","May 23, 2025 4:35 PM",20005000,,,,Attivo
Cover anteriore,Obiettivi e filtri,,"October 11, 2024 2:00 PM","May 23, 2025 5:03 PM",20004010,,Lumix S 85mm F1.8 (https://www.notion.so/11c1c309d24a81129591ead2f4bb16bc?pvs=21),,In uso
Cover anteriore,Obiettivi e filtri,,"October 11, 2024 2:00 PM","May 23, 2025 5:04 PM",20005010,,Lumix S 50mm F1.8 (https://www.notion.so/11c1c309d24a81acb65addc80749f435?pvs=21),,In uso
Paraluce,Obiettivi e filtri,,"October 11, 2024 2:00 PM","May 23, 2025 5:04 PM",20005020,,Lumix S 50mm F1.8 (https://www.notion.so/11c1c309d24a81acb65addc80749f435?pvs=21),,In uso
Lumix S 24mm F1.8,Obiettivi e filtri,"Paraluce (https://www.notion.so/11c1c309d24a81a787bef7a250259b15?pvs=21), Cover anteriore (https://www.notion.so/11c1c309d24a8174abaadaf4c70abb1a?pvs=21), Tappo posteriore (https://www.notion.so/11c1c309d24a81e98e85e200d53251cb?pvs=21)","October 11, 2024 2:00 PM","May 23, 2025 4:33 PM",20003000,,,,Attivo
Cover anteriore,Obiettivi e filtri,,"October 11, 2024 2:00 PM","May 23, 2025 4:34 PM",20003010,,Lumix S 24mm F1.8 (https://www.notion.so/11c1c309d24a814ba7a1ff09ad44d61b?pvs=21),,In uso
Tappo posteriore,Obiettivi e filtri,,"October 11, 2024 2:00 PM","May 23, 2025 5:04 PM",20005030,,Lumix S 50mm F1.8 (https://www.notion.so/11c1c309d24a81acb65addc80749f435?pvs=21),,In uso
Tappo posteriore,Obiettivi e filtri,,"October 11, 2024 2:00 PM","May 23, 2025 4:34 PM",20003030,,Lumix S 24mm F1.8 (https://www.notion.so/11c1c309d24a814ba7a1ff09ad44d61b?pvs=21),,In uso
Filtro ND Variabile NiSi,Obiettivi e filtri,Custodia (https://www.notion.so/11c1c309d24a8182a948d33ac257c4f9?pvs=21),"October 11, 2024 2:00 PM","May 23, 2025 4:41 PM",20012000,,,,Attivo
Custodia,Obiettivi e filtri,,"October 11, 2024 2:00 PM","May 24, 2025 11:05 AM",20012010,,Filtro ND Variabile NiSi (https://www.notion.so/11c1c309d24a81418f01f01e0a7e6498?pvs=21),,In uso
Paraluce,Obiettivi e filtri,,"October 11, 2024 2:00 PM","May 23, 2025 4:34 PM",20003020,,Lumix S 24mm F1.8 (https://www.notion.so/11c1c309d24a814ba7a1ff09ad44d61b?pvs=21),,In uso
Filtro ND32 Hoya,Obiettivi e filtri,Custodia (https://www.notion.so/11c1c309d24a812eb04fe8cafa63c6a3?pvs=21),"October 11, 2024 2:00 PM","May 23, 2025 4:41 PM",20013000,,,,Attivo
Anello adattatore da 67mm a 82mm,Obiettivi e filtri,,"October 11, 2024 2:00 PM","May 24, 2025 11:05 AM",20011020,,Custodia ND Profezzion (https://www.notion.so/11c1c309d24a819e8fe4cae74148320a?pvs=21),,Attivo
Custodia,Obiettivi e filtri,,"October 11, 2024 2:00 PM","May 24, 2025 11:05 AM",20013010,,Filtro ND32 Hoya (https://www.notion.so/11c1c309d24a81d5b27fe2839acd0035?pvs=21),,In uso
Custodia,Obiettivi e filtri,,"October 11, 2024 2:00 PM","May 24, 2025 11:05 AM",20014010,,Filtro ND8 Kenko (https://www.notion.so/11c1c309d24a81beb3d4f6bf623a74a2?pvs=21),,In uso
Anelli adattatori,Obiettivi e filtri,,"October 11, 2024 2:00 PM","May 24, 2025 11:05 AM",20011030,2,Custodia ND Profezzion (https://www.notion.so/11c1c309d24a819e8fe4cae74148320a?pvs=21),7,Attivo
Filtro ND8 Kenko,Obiettivi e filtri,Custodia (https://www.notion.so/11c1c309d24a813a9494d5667ac3b63b?pvs=21),"October 11, 2024 2:00 PM","May 23, 2025 4:41 PM",20014000,,,,Attivo
Samyang 12mm,Obiettivi e filtri,"Paraluce (https://www.notion.so/11c1c309d24a81a6871af5202ccacf64?pvs=21), Cover anteriore (https://www.notion.so/11c1c309d24a81fda966e25d7e911e3e?pvs=21), Tappo posteriore (https://www.notion.so/11c1c309d24a81a2b163ce49779673c3?pvs=21)","October 11, 2024 2:00 PM","May 23, 2025 4:36 PM",20009000,,,,Archiviato
Custodia ND Profezzion,Obiettivi e filtri,"Anelli adattatori (https://www.notion.so/11c1c309d24a81608526cbe1b5537f81?pvs=21), Anello adattatore da 67mm a 82mm (https://www.notion.so/11c1c309d24a81299348d4a4d6023a03?pvs=21), Anello adattatore da 77mm a 82mm (https://www.notion.so/19d1c309d24a803ebe88e1b8cc2b98c0?pvs=21)","October 11, 2024 2:00 PM","May 23, 2025 4:41 PM",20011000,,,,Attivo
Filtri ND 49mm,Obiettivi e filtri,"Panno (https://www.notion.so/11c1c309d24a81db89c8cd91aba54048?pvs=21), Custodia (https://www.notion.so/11c1c309d24a81a39092d50fdeed3753?pvs=21)","October 11, 2024 2:00 PM","May 23, 2025 4:41 PM",20015000,3,,3,Archiviato
Tappo posteriore,Obiettivi e filtri,,"October 11, 2024 2:00 PM","May 24, 2025 11:04 AM",20009030,,Samyang 12mm (https://www.notion.so/11c1c309d24a818ebfdac5fe3a98f4b4?pvs=21),,Archiviato
Paraluce,Obiettivi e filtri,,"October 11, 2024 2:00 PM","May 24, 2025 11:04 AM",20009020,,Samyang 12mm (https://www.notion.so/11c1c309d24a818ebfdac5fe3a98f4b4?pvs=21),,Archiviato
Cover anteriore,Obiettivi e filtri,,"October 11, 2024 2:00 PM","May 24, 2025 11:04 AM",20009010,,Samyang 12mm (https://www.notion.so/11c1c309d24a818ebfdac5fe3a98f4b4?pvs=21),,Archiviato
Adattatore Micro SD,Storage,,"October 11, 2024 2:00 PM","May 23, 2025 4:42 PM",30003000,,,,Attivo
Valigetta SD,Storage,,"October 11, 2024 2:00 PM","May 23, 2025 4:42 PM",30002000,,,,Attivo
Custodia,Obiettivi e filtri,,"October 11, 2024 2:00 PM","May 24, 2025 11:06 AM",20015010,,Filtri ND 49mm (https://www.notion.so/11c1c309d24a814d8aa3eef02053a034?pvs=21),,Archiviato
Panno,Obiettivi e filtri,,"October 11, 2024 2:00 PM","May 24, 2025 11:06 AM",20015020,,Filtri ND 49mm (https://www.notion.so/11c1c309d24a814d8aa3eef02053a034?pvs=21),,Archiviato
SD Sandisk 128GB,Storage,,"October 11, 2024 2:00 PM","May 24, 2025 11:06 AM",30004010,,★ SD (https://www.notion.so/11c1c309d24a8020878ddb9fffe63291?pvs=21),,Attivo
Micro SD 64GB SanDisk,Storage,,"October 11, 2024 2:00 PM","May 24, 2025 11:07 AM",30005010,,★ Micro SD (https://www.notion.so/11c1c309d24a80208ed7eacd38844d5b?pvs=21),,Attivo
SD Sandisk 64GB,Storage,,"October 11, 2024 2:00 PM","May 24, 2025 11:07 AM",30004030,2,★ SD (https://www.notion.so/11c1c309d24a8020878ddb9fffe63291?pvs=21),2,Attivo
SD Samsung 128GB,Storage,,"October 11, 2024 2:00 PM","July 21, 2025 6:48 PM",30004020,,★ SD (https://www.notion.so/11c1c309d24a8020878ddb9fffe63291?pvs=21),,Attivo
Micro SD 32GB Samsung,Storage,,"October 11, 2024 2:00 PM","May 24, 2025 11:07 AM",30005020,,★ Micro SD (https://www.notion.so/11c1c309d24a80208ed7eacd38844d5b?pvs=21),,Attivo
SSD NVME Lexar 1TB,Storage,"Case NVME UGREEN (https://www.notion.so/11c1c309d24a81d584aaded46449eadc?pvs=21), Cavo dati USB-C (https://www.notion.so/11c1c309d24a81678e09f15549bfcc9d?pvs=21)","October 11, 2024 2:00 PM","May 23, 2025 4:41 PM",30001000,,,,Attivo
Micro SD 16GB Transcend,Storage,,"October 11, 2024 2:00 PM","May 24, 2025 11:07 AM",30005030,,★ Micro SD (https://www.notion.so/11c1c309d24a80208ed7eacd38844d5b?pvs=21),,Attivo
SSD Samsung 500GB,Storage,,"October 11, 2024 2:00 PM","May 24, 2025 11:56 AM",60001070,,Atomos Ninja V (https://www.notion.so/11c1c309d24a812b91fed3e266568312?pvs=21),,Attivo
Case NVME UGREEN,Storage,,"October 11, 2024 2:00 PM","May 24, 2025 11:06 AM",30001010,,SSD NVME Lexar 1TB (https://www.notion.so/11c1c309d24a813ebd5ac4dbdfbb6ad9?pvs=21),,Attivo
Cavo dati USB-C,Storage,,"October 11, 2024 2:00 PM","August 16, 2025 3:57 PM",30001020,2,SSD NVME Lexar 1TB (https://www.notion.so/11c1c309d24a813ebd5ac4dbdfbb6ad9?pvs=21),2,Attivo
Blocco testa,Accessori e supporti,,"October 11, 2024 2:00 PM","May 24, 2025 11:41 AM",40003030,,Treppiede SmallRig (https://www.notion.so/11c1c309d24a819f9ec8fed8da4de5ca?pvs=21),,Attivo
Treppiede SmallRig,Accessori e supporti,"Piastra (https://www.notion.so/11c1c309d24a816baa52d736313bfe38?pvs=21), Brugola (https://www.notion.so/11c1c309d24a815cb8b1c3484bb4b72c?pvs=21), Testa video (https://www.notion.so/11c1c309d24a81a1824ad107b4dbe33f?pvs=21), Blocco testa (https://www.notion.so/11c1c309d24a818b8580c23e5a5184c5?pvs=21), Cover testa (https://www.notion.so/11c1c309d24a8168877cf1b4b24df6ae?pvs=21), Braccio (https://www.notion.so/11c1c309d24a813292cad45be6afdf24?pvs=21), Borsa (https://www.notion.so/11c1c309d24a810bb246dbbe9d5b533b?pvs=21)","October 11, 2024 2:00 PM","May 23, 2025 4:43 PM",40003000,,,,Attivo
Testa video,Accessori e supporti,,"October 11, 2024 2:00 PM","May 24, 2025 11:37 AM",40003010,,Treppiede SmallRig (https://www.notion.so/11c1c309d24a819f9ec8fed8da4de5ca?pvs=21),,Attivo
Cover testa,Accessori e supporti,,"October 11, 2024 2:00 PM","May 24, 2025 11:41 AM",40003060,,Treppiede SmallRig (https://www.notion.so/11c1c309d24a819f9ec8fed8da4de5ca?pvs=21),,Attivo
Piastra,Accessori e supporti,,"October 11, 2024 2:00 PM","May 24, 2025 11:41 AM",40003040,,Treppiede SmallRig (https://www.notion.so/11c1c309d24a819f9ec8fed8da4de5ca?pvs=21),,Attivo
Borsa,Accessori e supporti,,"October 11, 2024 2:00 PM","May 24, 2025 11:37 AM",40003070,,Treppiede SmallRig (https://www.notion.so/11c1c309d24a819f9ec8fed8da4de5ca?pvs=21),,Attivo
Braccio,Accessori e supporti,,"October 11, 2024 2:00 PM","May 24, 2025 11:41 AM",40003020,,Treppiede SmallRig (https://www.notion.so/11c1c309d24a819f9ec8fed8da4de5ca?pvs=21),,Attivo
Brugola,Accessori e supporti,,"October 11, 2024 2:00 PM","May 24, 2025 11:41 AM",40003050,,Treppiede SmallRig (https://www.notion.so/11c1c309d24a819f9ec8fed8da4de5ca?pvs=21),,Attivo
Treppiede PrimaPhoto,Accessori e supporti,"Base removibile (https://www.notion.so/11c1c309d24a81efab30c03e5145ef7b?pvs=21), Custodia (https://www.notion.so/11c1c309d24a815dbcf5f956abd72e91?pvs=21)","October 11, 2024 2:00 PM","May 23, 2025 4:43 PM",40005000,,,,Archiviato
Custodia,Accessori e supporti,,"October 11, 2024 2:00 PM","May 24, 2025 11:47 AM",40005020,,Treppiede PrimaPhoto (https://www.notion.so/11c1c309d24a810f81bbc4238b193ffe?pvs=21),,Archiviato
Monopiede Benro,Accessori e supporti,"Piastra (https://www.notion.so/11c1c309d24a81e29c71f9fdecbdf6be?pvs=21), Testa (https://www.notion.so/11c1c309d24a81a1936cd36b15ca82e1?pvs=21), Custodia (https://www.notion.so/11c1c309d24a81e781dee115f585aa45?pvs=21)","October 11, 2024 2:00 PM","May 23, 2025 4:43 PM",40006000,,,,Attivo
Testa,Accessori e supporti,,"October 11, 2024 2:00 PM","May 24, 2025 11:48 AM",40006010,,Monopiede Benro (https://www.notion.so/11c1c309d24a8162ae17fb87c0f4ef6e?pvs=21),,Attivo
Piastra,Accessori e supporti,,"October 11, 2024 2:00 PM","May 24, 2025 11:48 AM",40006020,,Monopiede Benro (https://www.notion.so/11c1c309d24a8162ae17fb87c0f4ef6e?pvs=21),,Attivo
Custodia,Accessori e supporti,,"October 11, 2024 2:00 PM","May 24, 2025 11:48 AM",40006030,,Monopiede Benro (https://www.notion.so/11c1c309d24a8162ae17fb87c0f4ef6e?pvs=21),,Attivo
Base removibile,Accessori e supporti,,"October 11, 2024 2:00 PM","May 24, 2025 11:47 AM",40005010,,Treppiede PrimaPhoto (https://www.notion.so/11c1c309d24a810f81bbc4238b193ffe?pvs=21),,Archiviato
Piastra cold shoe,Accessori e supporti,,"October 11, 2024 2:00 PM","May 24, 2025 11:48 AM",40008010,,Nitze maniglia superiore NATO (https://www.notion.so/11c1c309d24a81d7a68dde856f854952?pvs=21),,Attivo
Chiave esagonale,Accessori e supporti,,"October 11, 2024 2:00 PM","May 24, 2025 11:49 AM",40008030,,Nitze maniglia superiore NATO (https://www.notion.so/11c1c309d24a81d7a68dde856f854952?pvs=21),,Attivo
Nitze maniglia laterale NATO,Accessori e supporti,,"October 11, 2024 2:00 PM","May 23, 2025 4:44 PM",40009000,,,,Attivo
Nitze maniglia superiore NATO,Accessori e supporti,"Piastra cold shoe (https://www.notion.so/11c1c309d24a817ca56cd986a7aab668?pvs=21), Viti (https://www.notion.so/11c1c309d24a8141866bd931649df7ef?pvs=21), Chiave esagonale (https://www.notion.so/11c1c309d24a81b7b742e2e49e9dfe73?pvs=21)","October 11, 2024 2:00 PM","May 23, 2025 4:44 PM",40008000,,,,Attivo
Smallrig maniglia ARRI,Accessori e supporti,Vite (https://www.notion.so/11c1c309d24a81c4adaceb465bf06896?pvs=21),"October 11, 2024 2:00 PM","May 23, 2025 4:44 PM",40010000,,,,In uso
Viti,Accessori e supporti,,"October 11, 2024 2:00 PM","May 24, 2025 11:49 AM",40008020,2,Nitze maniglia superiore NATO (https://www.notion.so/11c1c309d24a81d7a68dde856f854952?pvs=21),2,Attivo
Morsetto SSD,Accessori e supporti,"Fermacavo (https://www.notion.so/11c1c309d24a818cac2ac8fa6a1698dd?pvs=21), Adattatore hot shoe (https://www.notion.so/11c1c309d24a81d6be67dbb5b2a9742f?pvs=21)","October 11, 2024 2:00 PM","May 23, 2025 4:45 PM",40012000,,,,Attivo
Fermacavo,Accessori e supporti,,"October 11, 2024 2:00 PM","May 24, 2025 11:49 AM",40012030,,Morsetto SSD (https://www.notion.so/11c1c309d24a8182a8fdc50d8bbf2155?pvs=21),,In uso
Vite,Accessori e supporti,,"October 11, 2024 2:00 PM","May 24, 2025 11:49 AM",40010010,,Smallrig maniglia ARRI (https://www.notion.so/11c1c309d24a813d81e7f65975f3c366?pvs=21),,In uso
Viti,Accessori e supporti,,"October 11, 2024 2:00 PM","May 24, 2025 11:50 AM",40014010,2,Morsetto arca Niceyrig (https://www.notion.so/11c1c309d24a81c38d5ef279e0ac7f2a?pvs=21),2,In uso
Morsetto arca Niceyrig,Accessori e supporti,Viti (https://www.notion.so/11c1c309d24a81a3ac74cd5e9c2c066b?pvs=21),"October 11, 2024 2:00 PM","May 23, 2025 4:47 PM",40014000,,,,In uso
Piastra base SmallRig,Accessori e supporti,Viti (https://www.notion.so/11c1c309d24a81e7ac1ac94ff624902b?pvs=21),"October 11, 2024 2:00 PM","May 23, 2025 4:47 PM",40013000,,,,In uso
Adattatore hot shoe,Accessori e supporti,,"October 11, 2024 2:00 PM","May 24, 2025 11:49 AM",40012020,,Morsetto SSD (https://www.notion.so/11c1c309d24a8182a8fdc50d8bbf2155?pvs=21),,In uso
Viti,Accessori e supporti,,"October 11, 2024 2:00 PM","May 24, 2025 11:49 AM",40013010,4,Piastra base SmallRig (https://www.notion.so/11c1c309d24a81c9b20cec3e8ea73b24?pvs=21),4,In uso
Morsetto clamp,Accessori e supporti,,"October 11, 2024 2:00 PM","May 24, 2025 11:51 AM",40021010,,Braccio magico Neewer (https://www.notion.so/11c1c309d24a81e9bcbed19901f01360?pvs=21),,In uso
Set 9 chiavi esagonali Stanley,Accessori e supporti,,"October 11, 2024 2:00 PM","May 23, 2025 4:49 PM",40022000,,,,Attivo
Nitze Follow Focus,Accessori e supporti,"Tubo (https://www.notion.so/11c1c309d24a81e88c4bdb108858ff7a?pvs=21), Ingranaggi (https://www.notion.so/11c1c309d24a814ab570c45944097292?pvs=21), Dischi di marcatura (https://www.notion.so/11c1c309d24a81609494fcd81b74381b?pvs=21), Viti (https://www.notion.so/11c1c309d24a81b083e6d18146498c1c?pvs=21), Cinghia per lente (https://www.notion.so/11c1c309d24a818484fde970a2a8c692?pvs=21), Brugola (https://www.notion.so/11c1c309d24a819d9f9af5fcb404624e?pvs=21)","October 11, 2024 2:00 PM","May 23, 2025 4:48 PM",40016000,,,,In uso
Cheese Plate,Accessori e supporti,Viti (https://www.notion.so/11c1c309d24a81f28a68c8d455ae49e8?pvs=21),"October 11, 2024 2:00 PM","May 23, 2025 4:47 PM",40015000,2,,2,In uso
Braccio magico Neewer,Accessori e supporti,Morsetto clamp (https://www.notion.so/11c1c309d24a8196b5b7d791acfc466b?pvs=21),"October 11, 2024 2:00 PM","May 23, 2025 4:49 PM",40021000,,,,In uso
Viti,Accessori e supporti,,"October 11, 2024 2:00 PM","May 24, 2025 11:50 AM",40015010,4,Cheese Plate (https://www.notion.so/11c1c309d24a81cc8cffce8d0ba1caed?pvs=21),4,In uso
Ingranaggi,Accessori e supporti,,"October 11, 2024 2:00 PM","May 24, 2025 11:51 AM",40016020,3,Nitze Follow Focus (https://www.notion.so/11c1c309d24a819d89e8fe62e9dc59dc?pvs=21),3,In uso
Dischi di marcatura,Accessori e supporti,,"October 11, 2024 2:00 PM","May 24, 2025 11:51 AM",40016030,2,Nitze Follow Focus (https://www.notion.so/11c1c309d24a819d89e8fe62e9dc59dc?pvs=21),2,In uso
Cinghia per lente,Accessori e supporti,,"October 11, 2024 2:00 PM","May 24, 2025 11:51 AM",40016050,,Nitze Follow Focus (https://www.notion.so/11c1c309d24a819d89e8fe62e9dc59dc?pvs=21),,In uso
Brugola,Accessori e supporti,,"October 11, 2024 2:00 PM","May 24, 2025 11:51 AM",40016060,,Nitze Follow Focus (https://www.notion.so/11c1c309d24a819d89e8fe62e9dc59dc?pvs=21),,In uso
Viti,Accessori e supporti,,"October 11, 2024 2:00 PM","May 24, 2025 11:51 AM",40016040,2,Nitze Follow Focus (https://www.notion.so/11c1c309d24a819d89e8fe62e9dc59dc?pvs=21),2,In uso
Tubo,Accessori e supporti,,"October 11, 2024 2:00 PM","May 24, 2025 11:50 AM",40016010,,Nitze Follow Focus (https://www.notion.so/11c1c309d24a819d89e8fe62e9dc59dc?pvs=21),,In uso
Binari NATO,Accessori e supporti,,"October 11, 2024 2:00 PM","September 9, 2025 7:40 PM",40017000,5,,8,Attivo
Fermacavi,Accessori e supporti,,"October 11, 2024 2:00 PM","May 23, 2025 4:48 PM",40018000,1,,1,In uso
Adattatori per vite da ¼ a ⅜,Accessori e supporti,,"October 11, 2024 2:00 PM","May 23, 2025 4:49 PM",40019000,5,,5,In uso
BGNing Morsetto NATO,Accessori e supporti,,"October 11, 2024 2:00 PM","September 9, 2025 7:52 PM",80008010,,Piastra Neewer NP-F (https://www.notion.so/11c1c309d24a81e49760dd81091b3261?pvs=21),,Attivo
DJI RS 3,Accessori e supporti,"Piatto superiore (https://www.notion.so/11c1c309d24a81458508e2681fdbc553?pvs=21), Piatto verticale Minifocus (https://www.notion.so/19d1c309d24a806e883dc85be4c2c1ca?pvs=21), Piastre DJI (https://www.notion.so/11c1c309d24a8140b518ce8a7f63b523?pvs=21), Micro piastra (https://www.notion.so/11c1c309d24a81e49393e1bdc7671820?pvs=21), Batteria (https://www.notion.so/11c1c309d24a8114bacee99dabe88036?pvs=21), Treppiede (https://www.notion.so/11c1c309d24a81fd95e8ec1b0af68f99?pvs=21), Maniglia NATO laterale (https://www.notion.so/11c1c309d24a818eba6bdcdd400bbfce?pvs=21), Morsetto Neewer (https://www.notion.so/11c1c309d24a81fa8663fe72e09d90ec?pvs=21), Contrappesi da 100g (https://www.notion.so/11c1c309d24a8109b9a9dc52a75b73aa?pvs=21), Piastra laterale con cold shoe (https://www.notion.so/11c1c309d24a81eea0c4dd8cfe152dcb?pvs=21), Cavo alimentazione USB-C (https://www.notion.so/11c1c309d24a8106ba80f98d744bf36e?pvs=21), Cavi USB-C USB-C (https://www.notion.so/11c1c309d24a819faa31ff657aa47430?pvs=21), Morsetto ARRI (https://www.notion.so/11c1c309d24a811591a5f85ec0f4f0f5?pvs=21), Tubo (https://www.notion.so/11c1c309d24a810fb032c584615286f9?pvs=21), Motore follow focus (https://www.notion.so/11c1c309d24a815fa0bcf14a85a1988b?pvs=21), Cinghia per lente (https://www.notion.so/11c1c309d24a81179675ca1f5246d8ba?pvs=21), Regolatore lente (https://www.notion.so/11c1c309d24a8139a37bc13c7055e7ee?pvs=21), Borsa (https://www.notion.so/11c1c309d24a8165a78cf2f3a6dc0b3b?pvs=21)","October 11, 2024 2:00 PM","May 23, 2025 4:42 PM",40001000,,,,Attivo
Tubo,Accessori e supporti,,"October 11, 2024 2:00 PM","May 24, 2025 11:17 AM",40001170,,DJI RS 3 (https://www.notion.so/11c1c309d24a8181beb1c051d35ab73d?pvs=21),,In uso
Batteria,Accessori e supporti,,"October 11, 2024 2:00 PM","May 24, 2025 11:12 AM",40001020,,DJI RS 3 (https://www.notion.so/11c1c309d24a8181beb1c051d35ab73d?pvs=21),,Attivo
Morsetto ARRI,Accessori e supporti,,"October 11, 2024 2:00 PM","May 24, 2025 11:17 AM",40001160,,DJI RS 3 (https://www.notion.so/11c1c309d24a8181beb1c051d35ab73d?pvs=21),,In uso
Regolatore lente,Accessori e supporti,,"October 11, 2024 2:00 PM","May 24, 2025 11:15 AM",40001080,,DJI RS 3 (https://www.notion.so/11c1c309d24a8181beb1c051d35ab73d?pvs=21),,In uso
Piastre DJI,Accessori e supporti,,"October 11, 2024 2:00 PM","May 24, 2025 11:13 AM",40001070,2,DJI RS 3 (https://www.notion.so/11c1c309d24a8181beb1c051d35ab73d?pvs=21),2,Attivo
Piatto superiore,Accessori e supporti,,"October 11, 2024 2:00 PM","May 24, 2025 11:13 AM",40001050,,DJI RS 3 (https://www.notion.so/11c1c309d24a8181beb1c051d35ab73d?pvs=21),,Attivo
Maniglia NATO laterale,Accessori e supporti,,"October 11, 2024 2:00 PM","May 24, 2025 11:13 AM",40001040,,DJI RS 3 (https://www.notion.so/11c1c309d24a8181beb1c051d35ab73d?pvs=21),,Attivo
Micro piastra,Accessori e supporti,,"October 11, 2024 2:00 PM","May 24, 2025 11:15 AM",40001120,,DJI RS 3 (https://www.notion.so/11c1c309d24a8181beb1c051d35ab73d?pvs=21),,Attivo
Treppiede,Accessori e supporti,,"October 11, 2024 2:00 PM","May 24, 2025 11:13 AM",40001030,,DJI RS 3 (https://www.notion.so/11c1c309d24a8181beb1c051d35ab73d?pvs=21),,Attivo
Cavo alimentazione USB-C,Accessori e supporti,,"October 11, 2024 2:00 PM","May 24, 2025 11:15 AM",40001150,,DJI RS 3 (https://www.notion.so/11c1c309d24a8181beb1c051d35ab73d?pvs=21),,Attivo
Contrappesi da 100g,Accessori e supporti,,"October 11, 2024 2:00 PM","May 24, 2025 11:15 AM",40001110,2,DJI RS 3 (https://www.notion.so/11c1c309d24a8181beb1c051d35ab73d?pvs=21),2,Attivo
Cinghia per lente,Accessori e supporti,,"October 11, 2024 2:00 PM","May 24, 2025 11:17 AM",40001190,,DJI RS 3 (https://www.notion.so/11c1c309d24a8181beb1c051d35ab73d?pvs=21),,In uso
Motore follow focus,Accessori e supporti,,"October 11, 2024 2:00 PM","May 24, 2025 11:17 AM",40001180,,DJI RS 3 (https://www.notion.so/11c1c309d24a8181beb1c051d35ab73d?pvs=21),,In uso
Borsa,Accessori e supporti,,"October 11, 2024 2:00 PM","May 24, 2025 11:15 AM",40001130,,DJI RS 3 (https://www.notion.so/11c1c309d24a8181beb1c051d35ab73d?pvs=21),,Attivo
Cavi USB-C USB-C,Accessori e supporti,,"October 11, 2024 2:00 PM","May 24, 2025 11:15 AM",40001140,2,DJI RS 3 (https://www.notion.so/11c1c309d24a8181beb1c051d35ab73d?pvs=21),2,Attivo
Piastra laterale con cold shoe,Accessori e supporti,,"October 11, 2024 2:00 PM","May 24, 2025 11:12 AM",40001010,,DJI RS 3 (https://www.notion.so/11c1c309d24a8181beb1c051d35ab73d?pvs=21),,Attivo
Morsetto Neewer,Accessori e supporti,,"October 11, 2024 2:00 PM","May 24, 2025 11:15 AM",40001090,,DJI RS 3 (https://www.notion.so/11c1c309d24a8181beb1c051d35ab73d?pvs=21),,Attivo
Zhiyun Crane 2,Accessori e supporti,"Piastra (https://www.notion.so/11c1c309d24a8117864bdafb25d0c07a?pvs=21), Batterie (https://www.notion.so/11c1c309d24a81bbb476cb60a01f43cf?pvs=21), Treppiede (https://www.notion.so/11c1c309d24a8124a27bd1ac4008c9d5?pvs=21), Barra (https://www.notion.so/11c1c309d24a8194b35fe8ae909fe5c4?pvs=21), Maniglie (https://www.notion.so/11c1c309d24a817390d8e7b849285a58?pvs=21), Cavo Micro USB (https://www.notion.so/11c1c309d24a814c877edf3b1844155c?pvs=21), Cavo USB OTG (https://www.notion.so/11c1c309d24a81b8a804de91bdf4866c?pvs=21), Cavo Panasonic (https://www.notion.so/11c1c309d24a81c6b57cd26a9f867a7f?pvs=21), Caricabatterie (https://www.notion.so/11c1c309d24a81238a1dcb14772ee63b?pvs=21), Case (https://www.notion.so/11c1c309d24a81668914ff297ccd2ad9?pvs=21)","October 11, 2024 2:00 PM","May 23, 2025 4:42 PM",40002000,,,,Archiviato
Piastra,Accessori e supporti,,"October 11, 2024 2:00 PM","May 24, 2025 11:35 AM",40002050,,Zhiyun Crane 2 (https://www.notion.so/11c1c309d24a8112a9c8df796b6d8468?pvs=21),,Archiviato
Caricabatterie,Accessori e supporti,,"October 11, 2024 2:00 PM","May 24, 2025 11:36 AM",40002070,,Zhiyun Crane 2 (https://www.notion.so/11c1c309d24a8112a9c8df796b6d8468?pvs=21),,Archiviato
Treppiede,Accessori e supporti,,"October 11, 2024 2:00 PM","May 24, 2025 11:17 AM",40002020,,Zhiyun Crane 2 (https://www.notion.so/11c1c309d24a8112a9c8df796b6d8468?pvs=21),,Archiviato
Case,Accessori e supporti,,"October 11, 2024 2:00 PM","May 24, 2025 11:36 AM",40002060,,Zhiyun Crane 2 (https://www.notion.so/11c1c309d24a8112a9c8df796b6d8468?pvs=21),,Archiviato
Maniglie,Accessori e supporti,,"October 11, 2024 2:00 PM","May 24, 2025 11:18 AM",40002040,2,Zhiyun Crane 2 (https://www.notion.so/11c1c309d24a8112a9c8df796b6d8468?pvs=21),2,Archiviato
Barra,Accessori e supporti,,"October 11, 2024 2:00 PM","May 24, 2025 11:18 AM",40002030,,Zhiyun Crane 2 (https://www.notion.so/11c1c309d24a8112a9c8df796b6d8468?pvs=21),,Archiviato
Batterie,Accessori e supporti,,"October 11, 2024 2:00 PM","May 24, 2025 11:17 AM",40002010,3,Zhiyun Crane 2 (https://www.notion.so/11c1c309d24a8112a9c8df796b6d8468?pvs=21),3,Archiviato
Cavo Micro USB,Accessori e supporti,,"October 11, 2024 2:00 PM","May 24, 2025 11:36 AM",40002080,,Zhiyun Crane 2 (https://www.notion.so/11c1c309d24a8112a9c8df796b6d8468?pvs=21),,Archiviato
Cavo USB OTG,Accessori e supporti,,"October 11, 2024 2:00 PM","May 24, 2025 11:36 AM",40002090,,Zhiyun Crane 2 (https://www.notion.so/11c1c309d24a8112a9c8df796b6d8468?pvs=21),,Archiviato
Cavo Panasonic,Accessori e supporti,,"October 11, 2024 2:00 PM","May 24, 2025 11:36 AM",40002100,,Zhiyun Crane 2 (https://www.notion.so/11c1c309d24a8112a9c8df796b6d8468?pvs=21),,Archiviato
Smartphone holder,Accessori e supporti,,"October 11, 2024 2:00 PM","May 24, 2025 11:51 AM",40020010,,GorillaPod (https://www.notion.so/11c1c309d24a81e6aad2fb0b1c0962c5?pvs=21),,In uso
Viti,Accessori e supporti,,"October 11, 2024 2:00 PM","May 24, 2025 11:49 AM",40011010,2,Maniglia classica (https://www.notion.so/11c1c309d24a81efb4b3cf8c31836cd6?pvs=21),2,Archiviato
GorillaPod,Accessori e supporti,Smartphone holder (https://www.notion.so/11c1c309d24a81169c27ccea7994618d?pvs=21),"October 11, 2024 2:00 PM","October 24, 2025 10:12 AM",40020000,2,,2,Attivo
Maniglia classica,Accessori e supporti,Viti (https://www.notion.so/11c1c309d24a819f8665d2131bbe5647?pvs=21),"October 11, 2024 2:00 PM","May 23, 2025 4:45 PM",40011000,,,,Archiviato
Base hot shoe,Luci,,"October 11, 2024 2:00 PM","May 24, 2025 11:52 AM",50002010,,Faro LED Tycka (https://www.notion.so/11c1c309d24a81499a94c1fcd8b08c55?pvs=21),,Attivo
Cavalletti stativo,Luci,,"October 11, 2024 2:00 PM","May 24, 2025 11:52 AM",50001030,2,Luci Neewer (https://www.notion.so/11c1c309d24a818aa6d1fa9c5191d710?pvs=21),2,In uso
Faro LED Tycka,Luci,"Base hot shoe (https://www.notion.so/11c1c309d24a811680b7c2b64cabcd85?pvs=21), Piede (https://www.notion.so/11c1c309d24a8162bb11de354b5b8765?pvs=21), Alimentatore universale (https://www.notion.so/11c1c309d24a8160a448f91ca2275e40?pvs=21)","October 11, 2024 2:00 PM","May 23, 2025 4:50 PM",50002000,,,,Attivo
Alimentatore universale,Luci,,"October 11, 2024 2:00 PM","May 24, 2025 11:52 AM",50002030,,Faro LED Tycka (https://www.notion.so/11c1c309d24a81499a94c1fcd8b08c55?pvs=21),,In uso
Piede,Luci,,"October 11, 2024 2:00 PM","May 24, 2025 11:52 AM",50002020,,Faro LED Tycka (https://www.notion.so/11c1c309d24a81499a94c1fcd8b08c55?pvs=21),,In uso
Softbox,Luci,,"October 11, 2024 2:00 PM","May 24, 2025 11:52 AM",50001010,2,Luci Neewer (https://www.notion.so/11c1c309d24a818aa6d1fa9c5191d710?pvs=21),2,In uso
Luci Neewer,Luci,"Cavalletti stativo (https://www.notion.so/11c1c309d24a814998a7e0e686bf2f4e?pvs=21), Softbox (https://www.notion.so/11c1c309d24a816c98a5f168e5eebdbd?pvs=21), Alimentatori (https://www.notion.so/11c1c309d24a81c99c4cd526a9c51df9?pvs=21), Borsa (https://www.notion.so/11c1c309d24a81ddb193d35948e534cb?pvs=21)","October 11, 2024 2:00 PM","May 23, 2025 4:49 PM",50001000,2,,2,Attivo
Atomos Ninja V,Monitor,"Custodia Unicase7 (https://www.notion.so/11c1c309d24a819c8a6cd0a4f477ae53?pvs=21), Cage Nitze (https://www.notion.so/11c1c309d24a811f9cb3e18449c715b2?pvs=21), Clamp HDMI (https://www.notion.so/11c1c309d24a81799c90c935eed2f4e6?pvs=21), Sunhood (https://www.notion.so/11c1c309d24a8139805dc79ee5bf99db?pvs=21), Case SSD (https://www.notion.so/11c1c309d24a81558987c6238d2750b3?pvs=21), SSD Crucial 1TB (https://www.notion.so/1731c309d24a80eb90d1f6d60ad98aee?pvs=21), SSD Samsung 500GB (https://www.notion.so/11c1c309d24a81b6906ceed861124214?pvs=21), Cavi HDMI (https://www.notion.so/11c1c309d24a811ba5eff7e76149ed23?pvs=21), Battery Eliminator (https://www.notion.so/11c1c309d24a815ca2b5cfb0a92d06c9?pvs=21), Alimentatore Monitor (https://www.notion.so/11c1c309d24a81c88d0cc0b48bbb79e0?pvs=21), Supporto monitor Neewer (https://www.notion.so/11c1c309d24a81a0ad9fd3f4220f4c38?pvs=21), Custodia Hama (https://www.notion.so/11c1c309d24a81308215c62be4b5ba25?pvs=21)","October 11, 2024 2:00 PM","May 23, 2025 4:50 PM",60001000,,,,Attivo
Custodia Hama,Monitor,,"October 11, 2024 2:00 PM","May 24, 2025 11:57 AM",60001120,,Atomos Ninja V (https://www.notion.so/11c1c309d24a812b91fed3e266568312?pvs=21),,In uso
Case SSD,Monitor,,"October 11, 2024 2:00 PM","May 24, 2025 11:55 AM",60001060,,Atomos Ninja V (https://www.notion.so/11c1c309d24a812b91fed3e266568312?pvs=21),,Attivo
Battery Eliminator,Monitor,,"October 11, 2024 2:00 PM","May 24, 2025 11:55 AM",60001040,,Atomos Ninja V (https://www.notion.so/11c1c309d24a812b91fed3e266568312?pvs=21),,Attivo
Custodia Unicase7,Monitor,,"October 11, 2024 2:00 PM","May 24, 2025 11:57 AM",60001110,,Atomos Ninja V (https://www.notion.so/11c1c309d24a812b91fed3e266568312?pvs=21),,Attivo
Supporto monitor Neewer,Monitor,,"October 11, 2024 2:00 PM","May 24, 2025 11:57 AM",60001090,,Atomos Ninja V (https://www.notion.so/11c1c309d24a812b91fed3e266568312?pvs=21),,Attivo
Alimentatore Monitor,Monitor,,"October 11, 2024 2:00 PM","May 24, 2025 11:55 AM",60001050,,Atomos Ninja V (https://www.notion.so/11c1c309d24a812b91fed3e266568312?pvs=21),,Attivo
Alimentatori,Luci,,"October 11, 2024 2:00 PM","May 24, 2025 11:52 AM",50001020,2,Luci Neewer (https://www.notion.so/11c1c309d24a818aa6d1fa9c5191d710?pvs=21),2,In uso
Borsa,Luci,,"October 11, 2024 2:00 PM","May 24, 2025 11:52 AM",50001040,,Luci Neewer (https://www.notion.so/11c1c309d24a818aa6d1fa9c5191d710?pvs=21),,In uso
Cage Nitze,Monitor,,"October 11, 2024 2:00 PM","May 24, 2025 11:54 AM",60001010,,Atomos Ninja V (https://www.notion.so/11c1c309d24a812b91fed3e266568312?pvs=21),,Attivo
Sunhood,Monitor,,"October 11, 2024 2:00 PM","May 24, 2025 11:54 AM",60001030,,Atomos Ninja V (https://www.notion.so/11c1c309d24a812b91fed3e266568312?pvs=21),,Attivo
Supporto hot shoe,Monitor,,"October 11, 2024 2:00 PM","May 24, 2025 12:00 PM",60002040,,Lilliput A7S (https://www.notion.so/11c1c309d24a81e3abcaee38701a9294?pvs=21),,In uso
Clamp HDMI,Monitor,,"October 11, 2024 2:00 PM","May 24, 2025 11:54 AM",60001020,,Atomos Ninja V (https://www.notion.so/11c1c309d24a812b91fed3e266568312?pvs=21),,Attivo
Piastra,Monitor,,"October 11, 2024 2:00 PM","May 24, 2025 12:00 PM",60002030,,Lilliput A7S (https://www.notion.so/11c1c309d24a81e3abcaee38701a9294?pvs=21),,In uso
Cover,Monitor,,"October 11, 2024 2:00 PM","May 24, 2025 12:00 PM",60002010,,Lilliput A7S (https://www.notion.so/11c1c309d24a81e3abcaee38701a9294?pvs=21),,In uso
Lilliput A7S,Monitor,"Cover (https://www.notion.so/11c1c309d24a81a9b3e6f02010151c2c?pvs=21), Matte Box (https://www.notion.so/11c1c309d24a81f2a66dea63018c938e?pvs=21), Piastra (https://www.notion.so/11c1c309d24a81928314f190e7ce27c2?pvs=21), Supporto hot shoe (https://www.notion.so/11c1c309d24a816f8b59ce2165a31555?pvs=21), Alimentatore 12V (https://www.notion.so/11c1c309d24a81d180cceb1dcfbf12e6?pvs=21)","October 11, 2024 2:00 PM","May 23, 2025 4:51 PM",60002000,,,,In uso
Matte Box,Monitor,,"October 11, 2024 2:00 PM","May 24, 2025 12:00 PM",60002020,,Lilliput A7S (https://www.notion.so/11c1c309d24a81e3abcaee38701a9294?pvs=21),,In uso
Cavi HDMI,Monitor,,"October 11, 2024 2:00 PM","May 24, 2025 11:57 AM",60001100,1,Atomos Ninja V (https://www.notion.so/11c1c309d24a812b91fed3e266568312?pvs=21),7,Attivo
Adattatore micro-HDMI a HDMI,Monitor,"Viti (https://www.notion.so/11c1c309d24a815e916cf84184938711?pvs=21), Tappi (https://www.notion.so/11c1c309d24a8166a176e28a71cfbe92?pvs=21)","October 11, 2024 2:00 PM","May 23, 2025 4:51 PM",60003000,,,,In uso
Viti,Monitor,,"October 11, 2024 2:00 PM","May 24, 2025 12:00 PM",60003010,2,Adattatore micro-HDMI a HDMI (https://www.notion.so/11c1c309d24a8126932ff7e8276e9b66?pvs=21),2,In uso
Tappi,Monitor,,"October 11, 2024 2:00 PM","May 24, 2025 12:00 PM",60003020,2,Adattatore micro-HDMI a HDMI (https://www.notion.so/11c1c309d24a8126932ff7e8276e9b66?pvs=21),2,In uso
Alimentatore 12V,Monitor,,"October 11, 2024 2:00 PM","May 24, 2025 12:00 PM",60002050,,Lilliput A7S (https://www.notion.so/11c1c309d24a81e3abcaee38701a9294?pvs=21),,In uso
Lavalier,Audio,,"October 11, 2024 2:00 PM","May 24, 2025 3:06 PM",70005010,,Registratore Zoom F2 (https://www.notion.so/11c1c309d24a8164854fff59f51b9fc2?pvs=21),,Attivo
Clip,Audio,,"October 11, 2024 2:00 PM","May 24, 2025 3:06 PM",70005020,,Registratore Zoom F2 (https://www.notion.so/11c1c309d24a8164854fff59f51b9fc2?pvs=21),,Attivo
Registratore Zoom F2,Audio,"Lavalier (https://www.notion.so/11c1c309d24a8129b559c63546a369f4?pvs=21), Clip (https://www.notion.so/11c1c309d24a81468de1c9469572d891?pvs=21), Filtri antivento (https://www.notion.so/11c1c309d24a81b58431c95487adcba3?pvs=21)","October 11, 2024 2:00 PM","May 23, 2025 4:52 PM",70005000,,,,Attivo
Lettore HDMI,Monitor,,"October 11, 2024 2:00 PM","May 23, 2025 4:51 PM",60004000,,,,In uso
Cavo alimentazione USB,Audio,,"October 11, 2024 2:00 PM","May 24, 2025 12:01 PM",70003010,,Microfono Tascam DR-05 (https://www.notion.so/11c1c309d24a817682dad1164950e942?pvs=21),,Attivo
Cavi AUX,Audio,,"October 11, 2024 2:00 PM","May 24, 2025 12:01 PM",70003020,1,Microfono Tascam DR-05 (https://www.notion.so/11c1c309d24a817682dad1164950e942?pvs=21),2,Attivo
Microfono Tascam DR-05,Audio,"Cavo alimentazione USB (https://www.notion.so/11c1c309d24a813c9d78c068d14bb50b?pvs=21), Cavi AUX (https://www.notion.so/11c1c309d24a815789f0f592c50a27f3?pvs=21), Adattatore jack 6.3 (https://www.notion.so/11c1c309d24a81ddba4cc8e103bfa01a?pvs=21)","October 11, 2024 2:00 PM","May 23, 2025 4:51 PM",70003000,,,,Attivo
Filtri antivento,Audio,,"October 11, 2024 2:00 PM","May 24, 2025 3:06 PM",70005030,1,Registratore Zoom F2 (https://www.notion.so/11c1c309d24a8164854fff59f51b9fc2?pvs=21),3,Attivo
Adattatore jack 6.3,Audio,,"October 11, 2024 2:00 PM","May 24, 2025 12:01 PM",70003030,,Microfono Tascam DR-05 (https://www.notion.so/11c1c309d24a817682dad1164950e942?pvs=21),,Attivo
Microfono Sennheiser MKE 600,Audio,"Antivento (https://www.notion.so/11c1c309d24a81c48222ed33bd1203cc?pvs=21), Mount per hot shoe (https://www.notion.so/11c1c309d24a81eb984ec8d771a78a9d?pvs=21), Cavo XLR a jack (https://www.notion.so/11c1c309d24a81f9823aebda722f1b4d?pvs=21), Borsa (https://www.notion.so/11c1c309d24a819dbbd0dae36184e4da?pvs=21)","October 11, 2024 2:00 PM","May 23, 2025 4:51 PM",70001000,,,,Attivo
Antivento,Audio,,"October 11, 2024 2:00 PM","May 24, 2025 12:00 PM",70001010,,Microfono Sennheiser MKE 600 (https://www.notion.so/11c1c309d24a81b0b2f6fb012406c978?pvs=21),,Attivo
Mount per hot shoe,Audio,,"October 11, 2024 2:00 PM","May 24, 2025 12:00 PM",70001020,,Microfono Sennheiser MKE 600 (https://www.notion.so/11c1c309d24a81b0b2f6fb012406c978?pvs=21),,Attivo
Custodia Tascam,Audio,,"October 11, 2024 2:00 PM","May 24, 2025 3:06 PM",70009010,,★ Custodie audio (https://www.notion.so/11c1c309d24a8078a804d06bcfa183c1?pvs=21),,Attivo
Borsa,Audio,,"October 11, 2024 2:00 PM","May 24, 2025 12:01 PM",70001040,,Microfono Sennheiser MKE 600 (https://www.notion.so/11c1c309d24a81b0b2f6fb012406c978?pvs=21),,Attivo
Laccetto,Audio,,"October 11, 2024 2:00 PM","May 24, 2025 3:06 PM",70009020,,★ Custodie audio (https://www.notion.so/11c1c309d24a8078a804d06bcfa183c1?pvs=21),,Attivo
Custodia Gaudì,Audio,,"October 11, 2024 2:00 PM","May 24, 2025 3:07 PM",70009040,,★ Custodie audio (https://www.notion.so/11c1c309d24a8078a804d06bcfa183c1?pvs=21),,In uso
Sacchetto morbido,Audio,,"October 11, 2024 2:00 PM","May 24, 2025 3:07 PM",70009050,,★ Custodie audio (https://www.notion.so/11c1c309d24a8078a804d06bcfa183c1?pvs=21),,In uso
Cavo XLR a jack,Audio,,"October 11, 2024 2:00 PM","May 24, 2025 12:01 PM",70001030,,Microfono Sennheiser MKE 600 (https://www.notion.so/11c1c309d24a81b0b2f6fb012406c978?pvs=21),,Attivo
Filtri antivento,Audio,,"October 11, 2024 2:00 PM","May 24, 2025 3:06 PM",70006010,,Microfono Sony ECM-CS3 (https://www.notion.so/11c1c309d24a81389355c6ecb6d42ce2?pvs=21),,In uso
RAVPower Caricatore con 6 porte USB,Batterie e alimentazione,,"October 11, 2024 2:00 PM","May 24, 2025 3:09 PM",80010010,,★ Elettrico (https://www.notion.so/11c1c309d24a80bebeecccf48d6b1730?pvs=21),,Attivo
Microfono Sony ECM-CS3,Audio,Filtri antivento (https://www.notion.so/11c1c309d24a812893e4cbf188c9f0da?pvs=21),"October 11, 2024 2:00 PM","May 23, 2025 4:52 PM",70006000,,,,In uso
Microfono Saramonic SR-M3,Audio,Antivento (https://www.notion.so/11c1c309d24a81e6878ecd2ba34b86c8?pvs=21),"October 11, 2024 2:00 PM","May 23, 2025 4:51 PM",70002000,,,,In uso
Antivento,Audio,,"October 11, 2024 2:00 PM","May 24, 2025 12:01 PM",70002010,,Microfono Saramonic SR-M3 (https://www.notion.so/11c1c309d24a81c6ada4e81eb3c5382e?pvs=21),,In uso
Piastra SmallRig NP-F,Batterie e alimentazione,Adattatori hot shoe (https://www.notion.so/11c1c309d24a81aaa03ff3e154e126b5?pvs=21),"October 11, 2024 2:00 PM","May 23, 2025 4:56 PM",80009000,,,,In uso
Adattatori hot shoe,Accessori e supporti,,"October 11, 2024 2:00 PM","May 24, 2025 3:08 PM",80009010,2,Piastra SmallRig NP-F (https://www.notion.so/11c1c309d24a819a932aefef807149d8?pvs=21),2,In uso
Piastra Neewer NP-F,Batterie e alimentazione,BGNing Morsetto NATO (https://www.notion.so/11c1c309d24a8174bcc8cbd9de6690fa?pvs=21),"October 11, 2024 2:00 PM","June 4, 2025 9:05 PM",80008000,,,,Attivo
Cavo DC,Batterie e alimentazione,,"October 11, 2024 2:00 PM","June 4, 2025 9:06 PM",80012005,,★ Connettori e adattatori (https://www.notion.so/11c1c309d24a80f588fdd58e446af1f5?pvs=21),,Attivo
Batterie virtuali DMW-BLK22,Batterie e alimentazione,Adattatore AC (https://www.notion.so/11c1c309d24a81adb42ed0418e813afa?pvs=21),"October 11, 2024 2:00 PM","May 23, 2025 4:56 PM",80005000,2,,2,Attivo
Alimentatore Nokia,Batterie e alimentazione,,"October 11, 2024 2:00 PM","May 24, 2025 3:09 PM",80010030,,★ Elettrico (https://www.notion.so/11c1c309d24a80bebeecccf48d6b1730?pvs=21),,Attivo
Cavo DC Drive,Batterie e alimentazione,,"October 11, 2024 2:00 PM","May 24, 2025 3:08 PM",80006010,,Batteria virtuale Sony NP-FW50 (https://www.notion.so/11c1c309d24a81ebaee1f780ff03cda5?pvs=21),,In uso
Viti,Batterie e alimentazione,,"October 11, 2024 2:00 PM","June 4, 2025 9:25 PM",80007020,1,Piastra SmallRig NP-F USB-C (https://www.notion.so/2081c309d24a80f7bac0d84ca1562931?pvs=21),4,In uso
Batteria virtuale Sony NP-FW50,Batterie e alimentazione,Cavo DC Drive (https://www.notion.so/11c1c309d24a8195b37aeb594113fca4?pvs=21),"October 11, 2024 2:00 PM","May 23, 2025 4:56 PM",80006000,,,,In uso
Anker PowerCore 10000,Batterie e alimentazione,,"October 11, 2024 2:00 PM","May 24, 2025 3:09 PM",80010050,,★ Elettrico (https://www.notion.so/11c1c309d24a80bebeecccf48d6b1730?pvs=21),,Attivo
ADDTOP Powerbank 26800,Batterie e alimentazione,,"October 11, 2024 2:00 PM","May 24, 2025 3:09 PM",80010040,,★ Elettrico (https://www.notion.so/11c1c309d24a80bebeecccf48d6b1730?pvs=21),,Attivo
Adattatori DC ad angolo,Batterie e alimentazione,,"October 11, 2024 2:00 PM","May 24, 2025 3:10 PM",80012010,1,★ Connettori e adattatori (https://www.notion.so/11c1c309d24a80f588fdd58e446af1f5?pvs=21),2,Attivo
Adattatore AC,Batterie e alimentazione,,"October 11, 2024 2:00 PM","May 24, 2025 3:08 PM",80005010,,Batterie virtuali DMW-BLK22 (https://www.notion.so/11c1c309d24a81688e4cd397d4e9c04b?pvs=21),,Attivo
Caricabatterie singolo,Batterie e alimentazione,,"October 11, 2024 2:00 PM","May 24, 2025 3:07 PM",80001020,,Batterie NP-F (https://www.notion.so/11c1c309d24a818a804ed211b8948ec3?pvs=21),,In uso
Caricabatterie doppio,Batterie e alimentazione,,"October 11, 2024 2:00 PM","May 24, 2025 3:07 PM",80003010,,Batterie Sony NP-FW50 (https://www.notion.so/11c1c309d24a81c38a9afafd0aba8ae0?pvs=21),,Archiviato
Batterie NP-F,Batterie e alimentazione,"Caricabatterie doppio Neewer (https://www.notion.so/11c1c309d24a81949cc8fc2ed2a0b7e2?pvs=21), Caricabatterie singolo (https://www.notion.so/11c1c309d24a8102ac9ec9e4a5e776b8?pvs=21)","October 11, 2024 2:00 PM","May 23, 2025 4:53 PM",80001000,6,,8,Attivo
Caricabatterie doppio Neewer,Batterie e alimentazione,,"October 11, 2024 2:00 PM","May 24, 2025 3:07 PM",80001010,,Batterie NP-F (https://www.notion.so/11c1c309d24a818a804ed211b8948ec3?pvs=21),,Attivo
Batterie Sony NP-FW50,Batterie e alimentazione,Caricabatterie doppio (https://www.notion.so/11c1c309d24a812a9706c732718e63ff?pvs=21),"October 11, 2024 2:00 PM","September 13, 2025 9:17 AM",80003000,1,,1,Archiviato
"Connettori DC Maschio-Maschio 5,5x2,1",Batterie e alimentazione,,"October 11, 2024 2:00 PM","May 24, 2025 3:10 PM",80012030,7,★ Connettori e adattatori (https://www.notion.so/11c1c309d24a80f588fdd58e446af1f5?pvs=21),7,In uso
"Adattatore CC 4,0x1,7",Batterie e alimentazione,,"October 11, 2024 2:00 PM","May 24, 2025 3:10 PM",80012020,,★ Connettori e adattatori (https://www.notion.so/11c1c309d24a80f588fdd58e446af1f5?pvs=21),,In uso
Cavi USB-C,Batterie e alimentazione,,"October 11, 2024 2:00 PM","May 24, 2025 3:10 PM",80011010,2,★ Cavi dispositivi (https://www.notion.so/11c1c309d24a802bbc2bec99894e509e?pvs=21),4,Attivo
"Connettori DC Maschio-Maschio 5,5x2,5",Batterie e alimentazione,,"October 11, 2024 2:00 PM","May 24, 2025 3:10 PM",80012040,2,★ Connettori e adattatori (https://www.notion.so/11c1c309d24a80f588fdd58e446af1f5?pvs=21),2,In uso
Cavi alimentazione con 2 poli,Batterie e alimentazione,,"October 11, 2024 2:00 PM","May 24, 2025 3:09 PM",80010020,1,★ Elettrico (https://www.notion.so/11c1c309d24a80bebeecccf48d6b1730?pvs=21),4,Attivo
Cavi Micro USB,Batterie e alimentazione,,"October 11, 2024 2:00 PM","January 14, 2026 12:19 AM",80011020,2,★ Cavi dispositivi (https://www.notion.so/11c1c309d24a802bbc2bec99894e509e?pvs=21),3,Attivo
Custodie batterie in plastica,Batterie e alimentazione,,"October 11, 2024 2:00 PM","May 24, 2025 3:07 PM",80004030,2,★ Batterie ricaricabili (https://www.notion.so/11c1c309d24a8018a218c3bd1ab5ab52?pvs=21),2,Attivo
Batterie AA,Batterie e alimentazione,,"October 11, 2024 2:00 PM","September 9, 2025 7:42 PM",80004010,4,★ Batterie ricaricabili (https://www.notion.so/11c1c309d24a8018a218c3bd1ab5ab52?pvs=21),4,Attivo
Batterie AAA Eneloop,Batterie e alimentazione,,"October 11, 2024 2:00 PM","May 24, 2025 3:07 PM",80004020,8,★ Batterie ricaricabili (https://www.notion.so/11c1c309d24a8018a218c3bd1ab5ab52?pvs=21),8,Attivo
Caricabatterie Panasonic,Batterie e alimentazione,,"October 11, 2024 2:00 PM","May 24, 2025 3:08 PM",80004040,1,★ Batterie ricaricabili (https://www.notion.so/11c1c309d24a8018a218c3bd1ab5ab52?pvs=21),2,Attivo
Ciabatte,Batterie e alimentazione,,"October 11, 2024 2:00 PM","May 24, 2025 3:10 PM",80010100,2,★ Elettrico (https://www.notion.so/11c1c309d24a80bebeecccf48d6b1730?pvs=21),2,Attivo
Prolunghe,Batterie e alimentazione,,"October 11, 2024 2:00 PM","May 24, 2025 3:10 PM",80010090,2,★ Elettrico (https://www.notion.so/11c1c309d24a80bebeecccf48d6b1730?pvs=21),2,Attivo
Adattatore Schuko,Batterie e alimentazione,,"October 11, 2024 2:00 PM","May 24, 2025 3:09 PM",80010080,,★ Elettrico (https://www.notion.so/11c1c309d24a80bebeecccf48d6b1730?pvs=21),,Attivo
Base di ricarica,Batterie e alimentazione,,"October 11, 2024 2:00 PM","May 24, 2025 3:07 PM",80002010,,Batterie Panasonic DMW-BLK22 (https://www.notion.so/11c1c309d24a81b4bda1e09a5e8590fa?pvs=21),,Attivo
Avvolgicavo 10 metri,Batterie e alimentazione,,"October 11, 2024 2:00 PM","May 24, 2025 3:09 PM",80010060,,★ Elettrico (https://www.notion.so/11c1c309d24a80bebeecccf48d6b1730?pvs=21),,Attivo
Prese tripla,Batterie e alimentazione,,"October 11, 2024 2:00 PM","May 24, 2025 3:09 PM",80010070,1,★ Elettrico (https://www.notion.so/11c1c309d24a80bebeecccf48d6b1730?pvs=21),2,Attivo
Batterie Panasonic DMW-BLK22,Batterie e alimentazione,Base di ricarica (https://www.notion.so/11c1c309d24a813db0b1c62fdb2c532a?pvs=21),"October 11, 2024 2:00 PM","May 23, 2025 4:54 PM",80002000,2,,2,Attivo
Trolley Neewer,Borse,Antipioggia (https://www.notion.so/11c1c309d24a813baa34d68c1e2c6349?pvs=21),"October 11, 2024 2:00 PM","May 23, 2025 4:56 PM",90001000,,,,Attivo
Antipioggia,Borse,,"October 11, 2024 2:00 PM","May 24, 2025 3:11 PM",90001010,,Trolley Neewer (https://www.notion.so/11c1c309d24a811cac95f08f5764c32b?pvs=21),,In uso
Busta,Borse,,"October 11, 2024 2:00 PM","May 24, 2025 3:11 PM",90002020,,Zaino Rollei (https://www.notion.so/11c1c309d24a81f79255f6ffbbcaf697?pvs=21),,In uso
Zaino Rollei,Borse,"Antipioggia (https://www.notion.so/11c1c309d24a81fdaaecc58d34343b8d?pvs=21), Accessori extra (https://www.notion.so/11c1c309d24a8101a5e7cab8bc4a1120?pvs=21), Busta (https://www.notion.so/11c1c309d24a81749541f04846623b3a?pvs=21)","October 11, 2024 2:00 PM","May 23, 2025 4:57 PM",90002000,,,,In uso
Antipioggia,Borse,,"October 11, 2024 2:00 PM","May 24, 2025 3:11 PM",90002010,,Zaino Rollei (https://www.notion.so/11c1c309d24a81f79255f6ffbbcaf697?pvs=21),,In uso
Accessori extra,Borse,,"October 11, 2024 2:00 PM","May 24, 2025 3:11 PM",90002030,,Zaino Rollei (https://www.notion.so/11c1c309d24a81f79255f6ffbbcaf697?pvs=21),,In uso
Zaino Lowepro Tahoe 150,Borse,,"October 11, 2024 2:00 PM","May 23, 2025 4:57 PM",90003000,,,,Attivo
Antipioggia,Borse,,"October 11, 2024 2:00 PM","May 24, 2025 12:02 PM",90004010,,Zaino Inateck (https://www.notion.so/11c1c309d24a81c2aff5f048e3e5174b?pvs=21),,Archiviato
Zaino Inateck,Borse,Antipioggia (https://www.notion.so/11c1c309d24a8189ad67d695051d4df9?pvs=21),"October 11, 2024 2:00 PM","May 23, 2025 4:57 PM",90004000,,,,Archiviato
Zaino monospalla nero AmazonBasics,Borse,,"October 11, 2024 2:00 PM","May 23, 2025 4:57 PM",90006000,,,,Archiviato
Lettore SD UGREEN,Storage,Adattatore da USB-A a USB-C (https://www.notion.so/11c1c309d24a811abfd1c69f60c267c3?pvs=21),"October 11, 2024 2:00 PM","May 23, 2025 4:42 PM",30006000,,,,Attivo
Adattatore da USB-A a USB-C,Storage,,"October 11, 2024 2:00 PM","May 24, 2025 11:07 AM",30006010,,Lettore SD UGREEN (https://www.notion.so/11c1c309d24a810582f0c8688458c063?pvs=21),,Attivo
Datacolor SpyderCHECKR 24,Altro,,"October 11, 2024 2:00 PM","May 23, 2025 4:57 PM",100002000,,,,In uso
Zaino Cullmann,Borse,,"October 11, 2024 2:00 PM","May 23, 2025 4:57 PM",90005000,,,,In uso
Cuffie antirumore,Audio,,"October 11, 2024 2:00 PM","May 23, 2025 4:52 PM",70008000,,,,In uso
Luce LED USB,Luci,,"October 11, 2024 2:00 PM","May 23, 2025 4:50 PM",50003000,,,,In uso
Gelatine colorate,Luci,,"October 11, 2024 2:00 PM","May 23, 2025 4:50 PM",50006000,8,,8,In uso
Copriobiettivo,Altro,,"October 11, 2024 2:00 PM","May 24, 2025 3:12 PM",100003030,,Parrot Anafi (https://www.notion.so/11c1c309d24a817db563ffd48c62edd0?pvs=21),,Archiviato
Eliche,Altro,,"October 11, 2024 2:00 PM","May 24, 2025 3:11 PM",100003020,8,Parrot Anafi (https://www.notion.so/11c1c309d24a817db563ffd48c62edd0?pvs=21),8,Archiviato
Parrot Anafi,Altro,"Eliche (https://www.notion.so/11c1c309d24a81629157d610908300cc?pvs=21), Batteria (https://www.notion.so/11c1c309d24a81a2b837e123f22137c3?pvs=21), Copriobiettivo (https://www.notion.so/11c1c309d24a811890ffe33190c92e44?pvs=21), Case (https://www.notion.so/11c1c309d24a81d7bc57f38b12e9b80d?pvs=21), Controller (https://www.notion.so/11c1c309d24a814989dfd29df2e77d6c?pvs=21)","October 11, 2024 2:00 PM","May 23, 2025 4:57 PM",100003000,,,,Archiviato
Sfondi colorati,Luci,"Barre (https://www.notion.so/11c1c309d24a81ef9e82c35a67f66670?pvs=21), Cavalletti stativo (https://www.notion.so/11c1c309d24a81e3b4c9da30313e2724?pvs=21), Pinze (https://www.notion.so/11c1c309d24a811b82b2f884a9318b80?pvs=21), Borsa (https://www.notion.so/11c1c309d24a81a09624cda42f77b0f8?pvs=21)","October 11, 2024 2:00 PM","May 23, 2025 4:50 PM",50005000,3,,3,In uso
Controller,Altro,,"October 11, 2024 2:00 PM","May 24, 2025 3:12 PM",100003040,,Parrot Anafi (https://www.notion.so/11c1c309d24a817db563ffd48c62edd0?pvs=21),,Archiviato
Batteria,Altro,,"October 11, 2024 2:00 PM","May 24, 2025 3:11 PM",100003010,,Parrot Anafi (https://www.notion.so/11c1c309d24a817db563ffd48c62edd0?pvs=21),,Archiviato
Case,Altro,,"October 11, 2024 2:00 PM","May 24, 2025 3:12 PM",100003050,,Parrot Anafi (https://www.notion.so/11c1c309d24a817db563ffd48c62edd0?pvs=21),,Archiviato
Cavalletti stativo,Luci,,"October 11, 2024 2:00 PM","May 24, 2025 11:53 AM",50005020,2,Sfondi colorati (https://www.notion.so/11c1c309d24a8132840ec9c2dfc47654?pvs=21),2,In uso
Pinze,Luci,,"October 11, 2024 2:00 PM","May 24, 2025 11:53 AM",50005030,3,Sfondi colorati (https://www.notion.so/11c1c309d24a8132840ec9c2dfc47654?pvs=21),3,In uso
Borsa,Luci,,"October 11, 2024 2:00 PM","May 24, 2025 11:53 AM",50005040,,Sfondi colorati (https://www.notion.so/11c1c309d24a8132840ec9c2dfc47654?pvs=21),,In uso
Barre,Luci,,"October 11, 2024 2:00 PM","May 24, 2025 11:53 AM",50005010,4,Sfondi colorati (https://www.notion.so/11c1c309d24a8132840ec9c2dfc47654?pvs=21),4,In uso
Focus ring 360°,Obiettivi e filtri,,"October 11, 2024 2:16 PM","May 26, 2025 1:05 AM",20002040,,Sigma 70-200mm F2.8 DG DN OS Sports (https://www.notion.so/11c1c309d24a81fb8225fb3a93b7c6a5?pvs=21),,Attivo
★ SD,Storage,"SD Samsung 128GB (https://www.notion.so/11c1c309d24a81eab165f38f90931a60?pvs=21), SD Sandisk 128GB (https://www.notion.so/11c1c309d24a81519411d861c86e143b?pvs=21), SD Sandisk 64GB (https://www.notion.so/11c1c309d24a81b29205c8e7546da91a?pvs=21), SD Sandisk 256GB (https://www.notion.so/2691c309d24a80feb5c3d53c00fc53a3?pvs=21)","October 11, 2024 2:52 PM","September 9, 2025 7:17 PM",30004000,,,,Attivo
★ Micro SD,Storage,"Micro SD 64GB SanDisk (https://www.notion.so/11c1c309d24a818197dbcdebf17ee158?pvs=21), Micro SD 32GB Samsung (https://www.notion.so/11c1c309d24a81fab721d9815ccf7ad4?pvs=21), Micro SD 16GB Transcend (https://www.notion.so/11c1c309d24a818482b0f236eb97ca4a?pvs=21)","October 11, 2024 2:52 PM","May 23, 2025 4:42 PM",30005000,,,,Attivo
★ Elettrico,Batterie e alimentazione,"RAVPower Caricatore con 6 porte USB (https://www.notion.so/11c1c309d24a81358f40c9a5d0bd2893?pvs=21), Alimentatore Nokia (https://www.notion.so/11c1c309d24a8184b392f71cfba762d5?pvs=21), ADDTOP Powerbank 26800 (https://www.notion.so/11c1c309d24a81698d97d6486b7f7566?pvs=21), Anker PowerCore 10000 (https://www.notion.so/11c1c309d24a8105bbbdcc6f8913807b?pvs=21), Cavi alimentazione con 2 poli (https://www.notion.so/11c1c309d24a81099083e1e282a4bf3a?pvs=21), Prese tripla (https://www.notion.so/11c1c309d24a819d858cc6beffad224b?pvs=21), Adattatore Schuko (https://www.notion.so/11c1c309d24a8128913aee2a13d801d9?pvs=21), Avvolgicavo 10 metri (https://www.notion.so/11c1c309d24a8192b6fdc47c2f0ae1a2?pvs=21), Ciabatte (https://www.notion.so/11c1c309d24a81159e88e8454a0193db?pvs=21), Prolunghe (https://www.notion.so/11c1c309d24a81218f11c6fec8a0bfe7?pvs=21)","October 11, 2024 3:53 PM","May 23, 2025 4:56 PM",80010000,,,,Attivo
★ Batterie ricaricabili,Batterie e alimentazione,"Batterie AA (https://www.notion.so/11c1c309d24a81e5a5dbc880aa48acce?pvs=21), Batterie AAA Eneloop (https://www.notion.so/11c1c309d24a81e5ae40ecc48a183ab0?pvs=21), Custodie batterie in plastica (https://www.notion.so/11c1c309d24a81aba73dc70868a812fe?pvs=21), Caricabatterie Panasonic (https://www.notion.so/11c1c309d24a81ed89cbdc5aae3c1627?pvs=21)","October 11, 2024 3:54 PM","May 23, 2025 4:56 PM",80004000,,,,Attivo
★ Cavi dispositivi,Batterie e alimentazione,"Cavi USB-C (https://www.notion.so/11c1c309d24a811c90d9d557a753776b?pvs=21), Cavi Micro USB (https://www.notion.so/11c1c309d24a8114a90af35bed130f8a?pvs=21)","October 11, 2024 3:55 PM","May 23, 2025 4:56 PM",80011000,,,,Attivo
★ Connettori e adattatori,Batterie e alimentazione,"Cavo DC (https://www.notion.so/11c1c309d24a812a941adb15bc551703?pvs=21), Adattatori DC ad angolo (https://www.notion.so/11c1c309d24a8180abddcf788ae6fb96?pvs=21), Connettori DC Maschio-Maschio 5,5x2,1 (https://www.notion.so/11c1c309d24a81c594dec1efa07754fb?pvs=21), Connettori DC Maschio-Maschio 5,5x2,5 (https://www.notion.so/11c1c309d24a815ca969eb179834f36f?pvs=21), Adattatore CC 4,0x1,7 (https://www.notion.so/11c1c309d24a8104a7c7f83c558ada41?pvs=21)","October 11, 2024 3:55 PM","June 4, 2025 9:05 PM",80012000,,,,Attivo
★ Custodie audio,Audio,"Custodia Tascam (https://www.notion.so/11c1c309d24a8171971cc53d04258290?pvs=21), Laccetto (https://www.notion.so/11c1c309d24a81e2860ec45dc5391969?pvs=21), Custodia Zoom (https://www.notion.so/19d1c309d24a8024bba5d4d175b96e73?pvs=21), Custodia Gaudì (https://www.notion.so/11c1c309d24a81e69fb1ec9991a3043c?pvs=21), Sacchetto morbido (https://www.notion.so/11c1c309d24a81f0a69bef728c1ba900?pvs=21)","October 11, 2024 3:58 PM","May 23, 2025 4:52 PM",70009000,,,,Attivo
Soffietti polvere,Altro,,"October 11, 2024 5:30 PM","May 23, 2025 4:57 PM",100001000,1,,2,Attivo
Nitze morsetto NATO,Accessori e supporti,,"October 11, 2024 6:14 PM","July 21, 2025 6:47 PM",40012010,2,,2,Attivo
Auricolari Philips,Audio,Adattatore USB-C a jack (https://www.notion.so/11e1c309d24a809dac5fdc5beeb65198?pvs=21),"October 13, 2024 11:44 AM","May 23, 2025 4:52 PM",70007000,,,,Attivo
Adattatore USB-C a jack,Audio,,"October 13, 2024 11:48 AM","May 24, 2025 3:06 PM",70007010,,Auricolari Philips (https://www.notion.so/11e1c309d24a800cb602c0c18cdfdef3?pvs=21),,Attivo
SSD Crucial 1TB,Storage,,"January 6, 2025 6:37 PM","May 24, 2025 11:56 AM",60001080,,Atomos Ninja V (https://www.notion.so/11c1c309d24a812b91fed3e266568312?pvs=21),,Attivo
Anello adattatore da 77mm a 82mm,Obiettivi e filtri,,"February 17, 2025 10:30 PM","May 24, 2025 11:05 AM",20011010,,Custodia ND Profezzion (https://www.notion.so/11c1c309d24a819e8fe4cae74148320a?pvs=21),,Attivo
Custodia Zoom,Audio,,"February 17, 2025 10:31 PM","May 24, 2025 3:07 PM",70009030,,★ Custodie audio (https://www.notion.so/11c1c309d24a8078a804d06bcfa183c1?pvs=21),,Attivo
Piatto verticale Minifocus,Accessori e supporti,,"February 17, 2025 10:33 PM","May 24, 2025 11:13 AM",40001060,,DJI RS 3 (https://www.notion.so/11c1c309d24a8181beb1c051d35ab73d?pvs=21),,Attivo
Riflettore Neewer,Luci,"Custodia con cerniera (https://www.notion.so/1ce1c309d24a808086eac6a646fb27fe?pvs=21), Diffusore (https://www.notion.so/1ce1c309d24a805da491eebc0bd6fd39?pvs=21)","April 7, 2025 11:11 PM","May 23, 2025 4:50 PM",50004000,,,,Attivo
Custodia con cerniera,Luci,,"April 7, 2025 11:12 PM","May 24, 2025 11:53 AM",50004020,,Riflettore Neewer (https://www.notion.so/1ce1c309d24a80619c98e1b4710d28a8?pvs=21),,Attivo
Diffusore,Luci,,"April 7, 2025 11:13 PM","May 24, 2025 11:53 AM",50004010,,Riflettore Neewer (https://www.notion.so/1ce1c309d24a80619c98e1b4710d28a8?pvs=21),,Attivo
Lenspen,Obiettivi e filtri,,"April 7, 2025 11:14 PM","May 23, 2025 4:41 PM",20016000,,,,In uso
Treppiede Cayer,Accessori e supporti,"Tubi (https://www.notion.so/1ee1c309d24a80d5b770d8dc901f72e1?pvs=21), Piedi (https://www.notion.so/1ee1c309d24a8015880debe64cae2347?pvs=21), Blocco girevole (https://www.notion.so/1ee1c309d24a80b28dadf2a73f94fe60?pvs=21), Fermatubo (https://www.notion.so/1ee1c309d24a80bcbfc4e3ca4eaab55c?pvs=21), Testa video Cayer H8 (https://www.notion.so/1ee1c309d24a8048af78cd491eaa4bd3?pvs=21), Piastre (https://www.notion.so/1ee1c309d24a80a0b847cd29a37e0ec4?pvs=21), Brugola (https://www.notion.so/1ee1c309d24a8082a1f1e709c643eb8f?pvs=21), Braccio (https://www.notion.so/1ee1c309d24a800e9967d3f65fbcb4fe?pvs=21), Custodia Cayer (https://www.notion.so/1ee1c309d24a80048749e7d71ea6f3e4?pvs=21), Spallaccio (https://www.notion.so/1ee1c309d24a806e885fc69da0b58986?pvs=21)","May 9, 2025 2:43 PM","May 23, 2025 4:43 PM",40004000,,,,Attivo
Tubi,Accessori e supporti,,"May 9, 2025 2:44 PM","June 29, 2025 1:43 PM",40004050,1,Treppiede Cayer (https://www.notion.so/1ee1c309d24a80efb30bd5b14a4f9c26?pvs=21),2,Attivo
Piedi,Accessori e supporti,,"May 9, 2025 2:45 PM","May 24, 2025 11:47 AM",40004080,3,Treppiede Cayer (https://www.notion.so/1ee1c309d24a80efb30bd5b14a4f9c26?pvs=21),3,Attivo
Blocco girevole,Accessori e supporti,,"May 9, 2025 2:45 PM","May 24, 2025 11:47 AM",40004060,,Treppiede Cayer (https://www.notion.so/1ee1c309d24a80efb30bd5b14a4f9c26?pvs=21),,Attivo
Fermatubo,Accessori e supporti,,"May 9, 2025 2:46 PM","May 24, 2025 11:47 AM",40004070,,Treppiede Cayer (https://www.notion.so/1ee1c309d24a80efb30bd5b14a4f9c26?pvs=21),,Attivo
Testa video Cayer H8,Accessori e supporti,,"May 9, 2025 2:46 PM","June 29, 2025 1:43 PM",40004010,,Treppiede Cayer (https://www.notion.so/1ee1c309d24a80efb30bd5b14a4f9c26?pvs=21),,Attivo
Piastre,Accessori e supporti,,"May 9, 2025 2:46 PM","May 24, 2025 11:45 AM",40004030,1,Treppiede Cayer (https://www.notion.so/1ee1c309d24a80efb30bd5b14a4f9c26?pvs=21),2,Attivo
Brugola,Accessori e supporti,,"May 9, 2025 2:47 PM","May 24, 2025 11:46 AM",40004040,,Treppiede Cayer (https://www.notion.so/1ee1c309d24a80efb30bd5b14a4f9c26?pvs=21),,Attivo
Braccio,Accessori e supporti,,"May 9, 2025 2:47 PM","May 24, 2025 11:45 AM",40004020,,Treppiede Cayer (https://www.notion.so/1ee1c309d24a80efb30bd5b14a4f9c26?pvs=21),,Attivo
Custodia Cayer,Accessori e supporti,,"May 9, 2025 2:48 PM","May 24, 2025 11:47 AM",40004090,,Treppiede Cayer (https://www.notion.so/1ee1c309d24a80efb30bd5b14a4f9c26?pvs=21),,Attivo
Spallaccio,Accessori e supporti,,"May 9, 2025 2:48 PM","May 24, 2025 11:47 AM",40004110,,Treppiede Cayer (https://www.notion.so/1ee1c309d24a80efb30bd5b14a4f9c26?pvs=21),,In uso
★ Rode Wireless Pro,Audio,"Custodia Rode smart (https://www.notion.so/1ee1c309d24a80dc8bfac01f2647e26c?pvs=21), Ricevente (https://www.notion.so/1ee1c309d24a808fa3ccd1ad927e06ed?pvs=21), Trasmettitori (https://www.notion.so/1ee1c309d24a80e1aa34e83eb2c9ad2e?pvs=21), Custodia accessori (https://www.notion.so/1ee1c309d24a80968bc6fefa58746a95?pvs=21), Clip magnetiche (https://www.notion.so/1ee1c309d24a8062b621de9221482d52?pvs=21), Cavo TRS 3.5mm (https://www.notion.so/1ee1c309d24a80718c52e766b55c3a42?pvs=21), Antivento furry (https://www.notion.so/1ee1c309d24a808c87d5ef87c65f1065?pvs=21), Lavalier II (https://www.notion.so/1ee1c309d24a802aa73dc63783fbf306?pvs=21), Lock (https://www.notion.so/1ee1c309d24a809a836ef3cd5d9c81be?pvs=21), Antivento (https://www.notion.so/1ee1c309d24a8043a74bcb04e416c134?pvs=21), Clip (https://www.notion.so/1ee1c309d24a806e9840fcc19c20a7d7?pvs=21), Cavi USB-C (https://www.notion.so/1ee1c309d24a80bf96cee12300202d2a?pvs=21), Cavo Lightning (https://www.notion.so/1ee1c309d24a80b39c79ca95ba7aeba1?pvs=21)","May 9, 2025 3:19 PM","May 23, 2025 4:52 PM",70004000,,,,Attivo
Custodia Rode smart,Audio,,"May 9, 2025 3:21 PM","May 24, 2025 3:04 PM",70004010,,★ Rode Wireless Pro (https://www.notion.so/1ee1c309d24a80c49d65fa5c384774de?pvs=21),,Attivo
Ricevente,Audio,,"May 9, 2025 3:21 PM","May 24, 2025 3:04 PM",70004020,,★ Rode Wireless Pro (https://www.notion.so/1ee1c309d24a80c49d65fa5c384774de?pvs=21),,Attivo
Trasmettitori,Audio,,"May 9, 2025 3:21 PM","May 24, 2025 3:04 PM",70004030,2,★ Rode Wireless Pro (https://www.notion.so/1ee1c309d24a80c49d65fa5c384774de?pvs=21),2,Attivo
Custodia accessori,Audio,,"May 9, 2025 3:21 PM","May 24, 2025 3:04 PM",70004040,,★ Rode Wireless Pro (https://www.notion.so/1ee1c309d24a80c49d65fa5c384774de?pvs=21),,Attivo
Clip magnetiche,Audio,,"May 9, 2025 3:21 PM","May 24, 2025 3:05 PM",70004070,2,★ Rode Wireless Pro (https://www.notion.so/1ee1c309d24a80c49d65fa5c384774de?pvs=21),2,Attivo
Cavo TRS 3.5mm,Audio,,"May 9, 2025 3:22 PM","May 24, 2025 3:04 PM",70004050,,★ Rode Wireless Pro (https://www.notion.so/1ee1c309d24a80c49d65fa5c384774de?pvs=21),,Attivo
Antivento furry,Audio,,"May 9, 2025 3:22 PM","May 24, 2025 3:05 PM",70004060,2,★ Rode Wireless Pro (https://www.notion.so/1ee1c309d24a80c49d65fa5c384774de?pvs=21),5,Attivo
Lavalier II,Audio,,"May 9, 2025 3:22 PM","May 24, 2025 3:05 PM",70004080,2,★ Rode Wireless Pro (https://www.notion.so/1ee1c309d24a80c49d65fa5c384774de?pvs=21),2,In uso
Lock,Audio,,"May 9, 2025 3:22 PM","May 24, 2025 3:05 PM",70004090,2,★ Rode Wireless Pro (https://www.notion.so/1ee1c309d24a80c49d65fa5c384774de?pvs=21),4,In uso
Antivento,Audio,,"May 9, 2025 3:22 PM","May 24, 2025 3:05 PM",70004110,2,★ Rode Wireless Pro (https://www.notion.so/1ee1c309d24a80c49d65fa5c384774de?pvs=21),2,In uso
Clip,Audio,,"May 9, 2025 3:22 PM","May 24, 2025 3:05 PM",70004100,2,★ Rode Wireless Pro (https://www.notion.so/1ee1c309d24a80c49d65fa5c384774de?pvs=21),2,In uso
Cavi USB-C,Audio,,"May 9, 2025 3:22 PM","May 24, 2025 3:05 PM",70004120,2,★ Rode Wireless Pro (https://www.notion.so/1ee1c309d24a80c49d65fa5c384774de?pvs=21),2,In uso
Cavo Lightning,Audio,,"May 9, 2025 3:22 PM","May 24, 2025 3:05 PM",70004130,,★ Rode Wireless Pro (https://www.notion.so/1ee1c309d24a80c49d65fa5c384774de?pvs=21),,In uso
Piastra SmallRig NP-F USB-C,Batterie e alimentazione,Viti (https://www.notion.so/11c1c309d24a81a8be74e79b8b8ce2cc?pvs=21),"June 4, 2025 9:01 PM","June 4, 2025 9:04 PM",80007000,,,,Attivo
Kase Adattatore Filtri Magnetico,Obiettivi e filtri,,"August 16, 2025 3:58 PM","August 16, 2025 3:59 PM",20014100,,,,Attivo
Lettore SD UGREEN Dual,Storage,,"September 9, 2025 7:16 PM","September 9, 2025 7:17 PM",30005500,,,,Attivo
SD Sandisk 256GB,Storage,,"September 9, 2025 7:17 PM","September 9, 2025 7:18 PM",30004005,,★ SD (https://www.notion.so/11c1c309d24a8020878ddb9fffe63291?pvs=21),,Attivo
HDMI Switch Sabrent,Monitor,,"September 9, 2025 7:19 PM","September 9, 2025 7:20 PM",60004500,,,,In uso
MacBook Air 2025,Computer,"Alimentatore Apple (https://www.notion.so/2961c309d24a8021a51ad0f6ddbc0b39?pvs=21), Alimentatore Belkin (https://www.notion.so/2961c309d24a8018ba5ecb9012733d05?pvs=21), Cavo USB-C di ricarica (https://www.notion.so/2961c309d24a8065aaefde4b1503e511?pvs=21), Hub USB (https://www.notion.so/2961c309d24a8058a4aae14cb5888c8a?pvs=21), Custodie Inateck (https://www.notion.so/2961c309d24a8058a05ee3c92dfe72c6?pvs=21), Anker Soundcore Q20i (https://www.notion.so/2961c309d24a805899ffd06a36612cbe?pvs=21), Cavo jack (https://www.notion.so/2961c309d24a805b94f3e94e2bac3c0f?pvs=21), Mouse Logitech (https://www.notion.so/2961c309d24a80ce981ae8f6acc4486e?pvs=21), SSD Lexar (https://www.notion.so/2961c309d24a808ba35fc07925a547f2?pvs=21), Cavo dati USB-C (https://www.notion.so/2961c309d24a8081bd65e02a933aa8e8?pvs=21)","October 24, 2025 10:12 AM","October 24, 2025 10:23 AM",110001000,,,,Attivo
Alimentatore Apple,Computer,,"October 24, 2025 10:15 AM","October 24, 2025 10:16 AM",110001010,,MacBook Air 2025 (https://www.notion.so/2961c309d24a80d38f7bfd8c46049d8f?pvs=21),,Attivo
Alimentatore Belkin,Computer,,"October 24, 2025 10:16 AM","October 24, 2025 10:16 AM",110001020,,MacBook Air 2025 (https://www.notion.so/2961c309d24a80d38f7bfd8c46049d8f?pvs=21),,Attivo
Cavo USB-C di ricarica,Computer,,"October 24, 2025 10:16 AM","October 24, 2025 10:17 AM",110001030,,MacBook Air 2025 (https://www.notion.so/2961c309d24a80d38f7bfd8c46049d8f?pvs=21),,Attivo
Hub USB,Computer,,"October 24, 2025 10:17 AM","October 24, 2025 10:18 AM",110001040,,MacBook Air 2025 (https://www.notion.so/2961c309d24a80d38f7bfd8c46049d8f?pvs=21),,Attivo
Custodie Inateck,Computer,,"October 24, 2025 10:18 AM","January 14, 2026 12:21 AM",110001050,,MacBook Air 2025 (https://www.notion.so/2961c309d24a80d38f7bfd8c46049d8f?pvs=21),,Attivo
Anker Soundcore Q20i,Computer,,"October 24, 2025 10:19 AM","October 24, 2025 10:20 AM",110001060,,MacBook Air 2025 (https://www.notion.so/2961c309d24a80d38f7bfd8c46049d8f?pvs=21),,Attivo
Cavo jack,Computer,,"October 24, 2025 10:20 AM","October 24, 2025 10:21 AM",110001070,,MacBook Air 2025 (https://www.notion.so/2961c309d24a80d38f7bfd8c46049d8f?pvs=21),,Attivo
Mouse Logitech,Computer,,"October 24, 2025 10:21 AM","October 24, 2025 10:21 AM",110001080,,MacBook Air 2025 (https://www.notion.so/2961c309d24a80d38f7bfd8c46049d8f?pvs=21),,Attivo
SSD Lexar,Computer,,"October 24, 2025 10:21 AM","January 14, 2026 12:21 AM",110001090,,MacBook Air 2025 (https://www.notion.so/2961c309d24a80d38f7bfd8c46049d8f?pvs=21),,Attivo
Cavo dati USB-C,Computer,,"October 24, 2025 10:23 AM","October 24, 2025 10:24 AM",110001100,,MacBook Air 2025 (https://www.notion.so/2961c309d24a80d38f7bfd8c46049d8f?pvs=21),,Attivo
Sigma 16-28mm F2.8 DG DN C,Obiettivi e filtri,"Cover anteriore (https://www.notion.so/2ae1c309d24a809f8a0cfb4826dd4802?pvs=21), Paraluce (https://www.notion.so/2ae1c309d24a8089a7ffc5cb2419709d?pvs=21), Tappo posteriore (https://www.notion.so/2ae1c309d24a80619dbacd8e473fc779?pvs=21)","November 17, 2025 10:42 PM","November 17, 2025 10:44 PM",20002100,,,,Attivo
Cover anteriore,Obiettivi e filtri,,"November 17, 2025 10:43 PM","November 17, 2025 10:44 PM",20002110,,Sigma 16-28mm F2.8 DG DN C (https://www.notion.so/2ae1c309d24a800ea062c90871ddb4e8?pvs=21),,Attivo
Paraluce,Obiettivi e filtri,,"November 17, 2025 10:44 PM","November 17, 2025 10:44 PM",20002120,,Sigma 16-28mm F2.8 DG DN C (https://www.notion.so/2ae1c309d24a800ea062c90871ddb4e8?pvs=21),,Attivo
Tappo posteriore,Obiettivi e filtri,,"November 17, 2025 10:44 PM","November 17, 2025 10:44 PM",20002130,,Sigma 16-28mm F2.8 DG DN C (https://www.notion.so/2ae1c309d24a800ea062c90871ddb4e8?pvs=21),,Attivo
Custodie antipioggia,Altro,,"January 14, 2026 12:20 AM","January 14, 2026 12:23 AM",100002000,2,,2,In uso
